Traj h1	10.473000	12.473000	Help 0.335557
Traj h1	15.381000	17.319000	Help 0.522063
Traj h1	17.610000	19.916000	Help 0.811633
Traj h1	21.436000	23.191000	Park 0.388308
Traj h1	27.379000	30.491000	WantStandUp 0.913886
Traj h1	30.492000	32.933000	WantStandUp 0.724048
Traj h1	32.940000	35.196000	WantStandUp 0.821390
Traj h1	35.196000	37.396000	WantStandUp 0.704797
Traj h1	45.778000	48.226000	Help 0.315813
Traj h1	49.312000	51.899000	Help 0.203545
Traj h1	52.230000	55.179000	Help 0.277986
Traj h1	55.419000	57.503000	Help 0.208076
Traj h1	72.400000	74.417000	Park 0.199754
Traj h1	74.850000	77.166000	WantStandUp 0.303336
Traj h1	77.217000	79.675000	WantStandUp 0.234898
Traj h1	80.088000	82.097000	WantStandUp 0.262653
Traj h1	88.085000	90.134000	ComeHere 0.402753
Traj h1	90.193000	92.412000	ComeHere 0.179409
Traj h1	92.509000	94.676000	ComeHere 0.318424
Traj h1	94.861000	97.344000	ComeCloser 0.216944
Traj h1	102.322000	103.960000	LetsGo 0.196884
Traj h1	104.925000	106.795000	ComeCloser 0.354074
Traj h1	107.045000	108.882000	ComeCloser 0.253327
Traj h1	109.295000	111.356000	WantStandUp 0.118640
Traj h1	148.024000	150.101000	ComeCloser 0.282107
Traj h1	150.461000	153.085000	WantStandUp 0.468770
Traj h1	153.085000	155.314000	WantStandUp 0.419720
Traj h1	155.525000	157.965000	WantStandUp 0.550703
Traj h1	263.946000	265.727000	Park 0.719483
Traj h1	265.727000	268.203000	Help 0.435433
Traj h1	268.203000	270.925000	Park 0.520205
Traj h1	270.925000	274.070000	Park 0.394072
Traj h2	10.473000	12.473000	Park 0.313580
Traj h2	15.381000	17.319000	Park 0.303225
Traj h2	17.610000	19.916000	ComeCloser 0.146140
Traj h2	21.436000	23.191000	Help 0.198858
Traj h2	27.379000	30.491000	LetsGo 0.206545
Traj h2	30.492000	32.933000	ComeCloser 0.210944
Traj h2	32.940000	35.196000	LetsGo 0.193334
Traj h2	35.196000	37.396000	LetsGo 0.265593
Traj h2	45.778000	48.226000	LetsGo 0.115267
Traj h2	49.312000	51.899000	LetsGo 0.092677
Traj h2	52.230000	55.179000	PerformTask 0.164814
Traj h2	55.419000	57.503000	LetsGo 0.147272
Traj h2	72.400000	74.417000	ComeHere 0.132061
Traj h2	74.850000	77.166000	LetsGo 0.197931
Traj h2	77.217000	79.675000	LetsGo 0.143408
Traj h2	80.088000	82.097000	LetsGo 0.201890
Traj h2	88.085000	90.134000	WantStandUp 0.204272
Traj h2	90.193000	92.412000	WantStandUp 0.167860
Traj h2	92.509000	94.676000	WantStandUp 0.133742
Traj h2	94.861000	97.344000	ComeHere 0.148731
Traj h2	102.322000	103.960000	ComeCloser 0.103692
Traj h2	104.925000	106.795000	LetsGo 0.143697
Traj h2	107.045000	108.882000	LetsGo 0.140568
Traj h2	109.295000	111.356000	Help 0.103487
Traj h2	148.024000	150.101000	LetsGo 0.211494
Traj h2	150.461000	153.085000	ComeHere 0.238246
Traj h2	153.085000	155.314000	LetsGo 0.215958
Traj h2	155.525000	157.965000	LetsGo 0.177408
Traj h2	263.946000	265.727000	Help 0.149038
Traj h2	265.727000	268.203000	Park 0.286087
Traj h2	268.203000	270.925000	Help 0.174987
Traj h2	270.925000	274.070000	Help 0.177466
Traj h3	10.473000	12.473000	WantStandUp 0.087444
Traj h3	15.381000	17.319000	ComeCloser 0.200309
Traj h3	17.610000	19.916000	Park 0.089611
Traj h3	21.436000	23.191000	ComeCloser 0.081541
Traj h3	27.379000	30.491000	ComeHere 0.162465
Traj h3	30.492000	32.933000	LetsGo 0.190410
Traj h3	32.940000	35.196000	ComeCloser 0.119906
Traj h3	35.196000	37.396000	ComeCloser 0.241906
Traj h3	45.778000	48.226000	Park 0.085662
Traj h3	49.312000	51.899000	WantSitDown 0.077086
Traj h3	52.230000	55.179000	LetsGo 0.084638
Traj h3	55.419000	57.503000	Park 0.061442
Traj h3	72.400000	74.417000	LetsGo 0.124495
Traj h3	74.850000	77.166000	WantSitDown 0.111759
Traj h3	77.217000	79.675000	Park 0.087910
Traj h3	80.088000	82.097000	ComeHere 0.048967
Traj h3	88.085000	90.134000	LetsGo 0.087353
Traj h3	90.193000	92.412000	ComeCloser 0.065233
Traj h3	92.509000	94.676000	LetsGo 0.091995
Traj h3	94.861000	97.344000	PerformTask 0.083900
Traj h3	102.322000	103.960000	Help 0.074312
Traj h3	104.925000	106.795000	Help 0.071924
Traj h3	107.045000	108.882000	WantStandUp 0.085644
Traj h3	109.295000	111.356000	WantSitDown 0.095658
Traj h3	148.024000	150.101000	WantStandUp 0.179791
Traj h3	150.461000	153.085000	WantSitDown 0.116569
Traj h3	153.085000	155.314000	WantSitDown 0.120732
Traj h3	155.525000	157.965000	Help 0.070955
Traj h3	263.946000	265.727000	LetsGo 0.054055
Traj h3	265.727000	268.203000	LetsGo 0.061533
Traj h3	268.203000	270.925000	LetsGo 0.058449
Traj h3	270.925000	274.070000	PerformTask 0.160203
Traj h4	10.473000	12.473000	LetsGo 0.058424
Traj h4	15.381000	17.319000	WantStandUp 0.061231
Traj h4	17.610000	19.916000	ComeHere 0.061695
Traj h4	21.436000	23.191000	WantStandUp 0.069759
Traj h4	27.379000	30.491000	WantSitDown 0.011732
Traj h4	30.492000	32.933000	WantSitDown 0.046449
Traj h4	32.940000	35.196000	ComeHere 0.042746
Traj h4	35.196000	37.396000	WantSitDown 0.014834
Traj h4	45.778000	48.226000	ComeCloser 0.082230
Traj h4	49.312000	51.899000	PerformTask 0.064271
Traj h4	52.230000	55.179000	Park 0.081574
Traj h4	55.419000	57.503000	PerformTask 0.060697
Traj h4	72.400000	74.417000	WantStandUp 0.081903
Traj h4	74.850000	77.166000	ComeCloser 0.106514
Traj h4	77.217000	79.675000	ComeHere 0.050719
Traj h4	80.088000	82.097000	Park 0.031313
Traj h4	88.085000	90.134000	ComeCloser 0.059398
Traj h4	90.193000	92.412000	LetsGo 0.061108
Traj h4	92.509000	94.676000	Help 0.084138
Traj h4	94.861000	97.344000	LetsGo 0.067724
Traj h4	102.322000	103.960000	WantStandUp 0.057708
Traj h4	104.925000	106.795000	WantSitDown 0.048634
Traj h4	107.045000	108.882000	Park 0.059373
Traj h4	109.295000	111.356000	LetsGo 0.088870
Traj h4	148.024000	150.101000	WantSitDown 0.160579
Traj h4	150.461000	153.085000	LetsGo 0.110300
Traj h4	153.085000	155.314000	ComeHere 0.099495
Traj h4	155.525000	157.965000	WantSitDown 0.055789
Traj h4	263.946000	265.727000	WantStandUp 0.038896
Traj h4	265.727000	268.203000	WantStandUp 0.038256
Traj h4	268.203000	270.925000	WantStandUp 0.049294
Traj h4	270.925000	274.070000	LetsGo 0.045894
Traj h5	10.473000	12.473000	ComeHere 0.039943
Traj h5	15.381000	17.319000	LetsGo 0.032231
Traj h5	17.610000	19.916000	WantStandUp 0.040008
Traj h5	21.436000	23.191000	LetsGo 0.041414
Traj h5	27.379000	30.491000	ComeCloser 0.011107
Traj h5	30.492000	32.933000	ComeHere 0.019251
Traj h5	32.940000	35.196000	WantSitDown 0.014698
Traj h5	35.196000	37.396000	Park 0.010390
Traj h5	45.778000	48.226000	WantSitDown 0.049130
Traj h5	49.312000	51.899000	ComeCloser 0.042171
Traj h5	52.230000	55.179000	ComeCloser 0.064966
Traj h5	55.419000	57.503000	WantSitDown 0.033168
Traj h5	72.400000	74.417000	WantSitDown 0.061754
Traj h5	74.850000	77.166000	Help 0.032084
Traj h5	77.217000	79.675000	WantSitDown 0.034577
Traj h5	80.088000	82.097000	ComeCloser 0.022032
Traj h5	88.085000	90.134000	Park 0.041380
Traj h5	90.193000	92.412000	WantSitDown 0.044271
Traj h5	92.509000	94.676000	Park 0.031228
Traj h5	94.861000	97.344000	WantStandUp 0.065331
Traj h5	102.322000	103.960000	ComeHere 0.056745
Traj h5	104.925000	106.795000	WantStandUp 0.045876
Traj h5	107.045000	108.882000	Help 0.059118
Traj h5	109.295000	111.356000	Park 0.059751
Traj h5	148.024000	150.101000	Help 0.021294
Traj h5	150.461000	153.085000	ComeCloser 0.075880
Traj h5	153.085000	155.314000	ComeCloser 0.014655
Traj h5	155.525000	157.965000	ComeCloser 0.054470
Traj h5	263.946000	265.727000	ComeHere 0.033702
Traj h5	265.727000	268.203000	ComeCloser 0.030807
Traj h5	268.203000	270.925000	ComeCloser 0.044464
Traj h5	270.925000	274.070000	WantStandUp 0.036932
Traj h6	10.473000	12.473000	ComeCloser 0.025802
Traj h6	15.381000	17.319000	ComeHere 0.013592
Traj h6	17.610000	19.916000	LetsGo 0.032425
Traj h6	21.436000	23.191000	PerformTask 0.017210
Traj h6	27.379000	30.491000	Help 0.009474
Traj h6	30.492000	32.933000	Help 0.007021
Traj h6	32.940000	35.196000	Help 0.007418
Traj h6	35.196000	37.396000	ComeHere 0.010213
Traj h6	45.778000	48.226000	WantStandUp 0.023133
Traj h6	49.312000	51.899000	Park 0.029014
Traj h6	52.230000	55.179000	WantSitDown 0.025104
Traj h6	55.419000	57.503000	WantStandUp 0.029474
Traj h6	72.400000	74.417000	PerformTask 0.022227
Traj h6	74.850000	77.166000	Park 0.007403
Traj h6	77.217000	79.675000	ComeCloser 0.017035
Traj h6	80.088000	82.097000	WantSitDown 0.017302
Traj h6	88.085000	90.134000	Help 0.017125
Traj h6	90.193000	92.412000	Park 0.041598
Traj h6	92.509000	94.676000	ComeCloser 0.027201
Traj h6	94.861000	97.344000	Park 0.033721
Traj h6	102.322000	103.960000	WantSitDown 0.025682
Traj h6	104.925000	106.795000	Park 0.025714
Traj h6	107.045000	108.882000	WantSitDown 0.025751
Traj h6	109.295000	111.356000	ComeHere 0.019453
Traj h6	148.024000	150.101000	ComeHere 0.009357
Traj h6	150.461000	153.085000	Help 0.016931
Traj h6	153.085000	155.314000	Help 0.010560
Traj h6	155.525000	157.965000	PerformTask 0.010963
Traj h6	263.946000	265.727000	WantSitDown 0.016158
Traj h6	265.727000	268.203000	PerformTask 0.023822
Traj h6	268.203000	270.925000	PerformTask 0.025684
Traj h6	270.925000	274.070000	WantSitDown 0.019734
Traj h7	10.473000	12.473000	PerformTask 0.012111
Traj h7	15.381000	17.319000	WantSitDown 0.010995
Traj h7	17.610000	19.916000	PerformTask 0.016966
Traj h7	21.436000	23.191000	ComeHere 0.016399
Traj h7	27.379000	30.491000	Park 0.003113
Traj h7	30.492000	32.933000	Park 0.003751
Traj h7	32.940000	35.196000	Park 0.005139
Traj h7	35.196000	37.396000	Help 0.004040
Traj h7	45.778000	48.226000	PerformTask 0.016495
Traj h7	49.312000	51.899000	WantStandUp 0.023808
Traj h7	52.230000	55.179000	WantStandUp 0.011632
Traj h7	55.419000	57.503000	ComeHere 0.015540
Traj h7	72.400000	74.417000	ComeCloser 0.007005
Traj h7	74.850000	77.166000	ComeHere 0.004307
Traj h7	77.217000	79.675000	Help 0.014924
Traj h7	80.088000	82.097000	PerformTask 0.014253
Traj h7	88.085000	90.134000	PerformTask 0.016092
Traj h7	90.193000	92.412000	Help 0.035717
Traj h7	92.509000	94.676000	PerformTask 0.013131
Traj h7	94.861000	97.344000	Help 0.029032
Traj h7	102.322000	103.960000	Park 0.018719
Traj h7	104.925000	106.795000	PerformTask 0.014805
Traj h7	107.045000	108.882000	ComeHere 0.012172
Traj h7	109.295000	111.356000	ComeCloser 0.015129
Traj h7	148.024000	150.101000	Park 0.005682
Traj h7	150.461000	153.085000	PerformTask 0.003326
Traj h7	153.085000	155.314000	Park 0.006628
Traj h7	155.525000	157.965000	ComeHere 0.007918
Traj h7	263.946000	265.727000	ComeCloser 0.015857
Traj h7	265.727000	268.203000	WantSitDown 0.022645
Traj h7	268.203000	270.925000	WantSitDown 0.017741
Traj h7	270.925000	274.070000	ComeCloser 0.019700
Traj h8	10.473000	12.473000	WantSitDown 0.005771
Traj h8	15.381000	17.319000	PerformTask 0.008894
Traj h8	17.610000	19.916000	WantSitDown 0.004899
Traj h8	21.436000	23.191000	WantSitDown 0.011599
Traj h8	27.379000	30.491000	PerformTask 0.001055
Traj h8	30.492000	32.933000	PerformTask 0.000905
Traj h8	32.940000	35.196000	PerformTask 0.000634
Traj h8	35.196000	37.396000	PerformTask 0.001384
Traj h8	45.778000	48.226000	ComeHere 0.007370
Traj h8	49.312000	51.899000	ComeHere 0.013163
Traj h8	52.230000	55.179000	ComeHere 0.010130
Traj h8	55.419000	57.503000	ComeCloser 0.010991
Traj h8	72.400000	74.417000	Help 0.005709
Traj h8	74.850000	77.166000	PerformTask 0.004021
Traj h8	77.217000	79.675000	PerformTask 0.006619
Traj h8	80.088000	82.097000	Help 0.014098
Traj h8	88.085000	90.134000	WantSitDown 0.006273
Traj h8	90.193000	92.412000	PerformTask 0.007783
Traj h8	92.509000	94.676000	WantSitDown 0.008229
Traj h8	94.861000	97.344000	WantSitDown 0.010935
Traj h8	102.322000	103.960000	PerformTask 0.011560
Traj h8	104.925000	106.795000	ComeHere 0.011358
Traj h8	107.045000	108.882000	PerformTask 0.005132
Traj h8	109.295000	111.356000	PerformTask 0.012033
Traj h8	148.024000	150.101000	PerformTask 0.002350
Traj h8	150.461000	153.085000	Park 0.001832
Traj h8	153.085000	155.314000	PerformTask 0.002256
Traj h8	155.525000	157.965000	Park 0.002917
Traj h8	263.946000	265.727000	PerformTask 0.008935
Traj h8	265.727000	268.203000	ComeHere 0.009397
Traj h8	268.203000	270.925000	ComeHere 0.007014
Traj h8	270.925000	274.070000	ComeHere 0.005551
HOG h1	10.473000	12.473000	ComeHere 0.963579
HOG h1	15.381000	17.319000	ComeHere 0.948820
HOG h1	17.610000	19.916000	ComeHere 0.965927
HOG h1	21.436000	23.191000	ComeHere 0.929910
HOG h1	27.379000	30.491000	ComeHere 0.957024
HOG h1	30.492000	32.933000	ComeHere 0.955966
HOG h1	32.940000	35.196000	ComeHere 0.966482
HOG h1	35.196000	37.396000	ComeHere 0.962143
HOG h1	45.778000	48.226000	ComeHere 0.957239
HOG h1	49.312000	51.899000	ComeHere 0.968615
HOG h1	52.230000	55.179000	ComeHere 0.971854
HOG h1	55.419000	57.503000	ComeHere 0.954159
HOG h1	72.400000	74.417000	ComeHere 0.964471
HOG h1	74.850000	77.166000	ComeHere 0.921815
HOG h1	77.217000	79.675000	ComeHere 0.963164
HOG h1	80.088000	82.097000	ComeHere 0.961810
HOG h1	88.085000	90.134000	ComeHere 0.962834
HOG h1	90.193000	92.412000	ComeHere 0.959537
HOG h1	92.509000	94.676000	ComeHere 0.896283
HOG h1	94.861000	97.344000	ComeHere 0.964360
HOG h1	102.322000	103.960000	ComeHere 0.966375
HOG h1	104.925000	106.795000	ComeHere 0.963416
HOG h1	107.045000	108.882000	ComeHere 0.967013
HOG h1	109.295000	111.356000	ComeHere 0.955962
HOG h1	148.024000	150.101000	ComeHere 0.947957
HOG h1	150.461000	153.085000	ComeHere 0.962742
HOG h1	153.085000	155.314000	ComeHere 0.960937
HOG h1	155.525000	157.965000	ComeHere 0.953642
HOG h1	263.946000	265.727000	ComeHere 0.963547
HOG h1	265.727000	268.203000	ComeHere 0.956834
HOG h1	268.203000	270.925000	ComeHere 0.953433
HOG h1	270.925000	274.070000	ComeHere 0.972339
HOG h2	10.473000	12.473000	Help 0.390509
HOG h2	15.381000	17.319000	Help 0.601385
HOG h2	17.610000	19.916000	Help 0.490069
HOG h2	21.436000	23.191000	Help 0.559322
HOG h2	27.379000	30.491000	Help 0.269409
HOG h2	30.492000	32.933000	Help 0.334120
HOG h2	32.940000	35.196000	Help 0.346801
HOG h2	35.196000	37.396000	Help 0.312325
HOG h2	45.778000	48.226000	Help 0.316527
HOG h2	49.312000	51.899000	Help 0.297559
HOG h2	52.230000	55.179000	Help 0.275229
HOG h2	55.419000	57.503000	Help 0.324967
HOG h2	72.400000	74.417000	Help 0.378954
HOG h2	74.850000	77.166000	Help 0.462961
HOG h2	77.217000	79.675000	Help 0.369061
HOG h2	80.088000	82.097000	Help 0.348990
HOG h2	88.085000	90.134000	Help 0.367996
HOG h2	90.193000	92.412000	Help 0.362869
HOG h2	92.509000	94.676000	Help 0.394334
HOG h2	94.861000	97.344000	Help 0.334053
HOG h2	102.322000	103.960000	Help 0.417230
HOG h2	104.925000	106.795000	Help 0.398878
HOG h2	107.045000	108.882000	Help 0.414336
HOG h2	109.295000	111.356000	Help 0.417788
HOG h2	148.024000	150.101000	Help 0.322665
HOG h2	150.461000	153.085000	Help 0.295008
HOG h2	153.085000	155.314000	Help 0.336524
HOG h2	155.525000	157.965000	Help 0.383314
HOG h2	263.946000	265.727000	Help 0.200178
HOG h2	265.727000	268.203000	Help 0.335430
HOG h2	268.203000	270.925000	Help 0.342713
HOG h2	270.925000	274.070000	Help 0.232872
HOG h3	10.473000	12.473000	Park 0.042756
HOG h3	15.381000	17.319000	Park 0.029136
HOG h3	17.610000	19.916000	Park 0.052093
HOG h3	21.436000	23.191000	Park 0.054006
HOG h3	27.379000	30.491000	LetsGo 0.049092
HOG h3	30.492000	32.933000	LetsGo 0.048817
HOG h3	32.940000	35.196000	LetsGo 0.037719
HOG h3	35.196000	37.396000	LetsGo 0.039040
HOG h3	45.778000	48.226000	Park 0.066332
HOG h3	49.312000	51.899000	Park 0.047215
HOG h3	52.230000	55.179000	Park 0.058097
HOG h3	55.419000	57.503000	Park 0.079250
HOG h3	72.400000	74.417000	Park 0.026312
HOG h3	74.850000	77.166000	Park 0.027318
HOG h3	77.217000	79.675000	LetsGo 0.028382
HOG h3	80.088000	82.097000	Park 0.051865
HOG h3	88.085000	90.134000	LetsGo 0.022817
HOG h3	90.193000	92.412000	Park 0.031180
HOG h3	92.509000	94.676000	LetsGo 0.022247
HOG h3	94.861000	97.344000	Park 0.026103
HOG h3	102.322000	103.960000	Park 0.035790
HOG h3	104.925000	106.795000	Park 0.053032
HOG h3	107.045000	108.882000	Park 0.035827
HOG h3	109.295000	111.356000	Park 0.043946
HOG h3	148.024000	150.101000	LetsGo 0.059645
HOG h3	150.461000	153.085000	LetsGo 0.047373
HOG h3	153.085000	155.314000	LetsGo 0.051654
HOG h3	155.525000	157.965000	LetsGo 0.041674
HOG h3	263.946000	265.727000	Park 0.197458
HOG h3	265.727000	268.203000	Park 0.105280
HOG h3	268.203000	270.925000	Park 0.116530
HOG h3	270.925000	274.070000	Park 0.099987
HOG h4	10.473000	12.473000	LetsGo 0.029271
HOG h4	15.381000	17.319000	LetsGo 0.017260
HOG h4	17.610000	19.916000	LetsGo 0.016286
HOG h4	21.436000	23.191000	LetsGo 0.015965
HOG h4	27.379000	30.491000	Park 0.016914
HOG h4	30.492000	32.933000	Park 0.013996
HOG h4	32.940000	35.196000	Park 0.021230
HOG h4	35.196000	37.396000	Park 0.024642
HOG h4	45.778000	48.226000	LetsGo 0.017245
HOG h4	49.312000	51.899000	LetsGo 0.020474
HOG h4	52.230000	55.179000	LetsGo 0.022265
HOG h4	55.419000	57.503000	LetsGo 0.015059
HOG h4	72.400000	74.417000	LetsGo 0.021615
HOG h4	74.850000	77.166000	LetsGo 0.023779
HOG h4	77.217000	79.675000	Park 0.027233
HOG h4	80.088000	82.097000	LetsGo 0.021878
HOG h4	88.085000	90.134000	Park 0.021876
HOG h4	90.193000	92.412000	LetsGo 0.019568
HOG h4	92.509000	94.676000	WantStandUp 0.012772
HOG h4	94.861000	97.344000	LetsGo 0.015264
HOG h4	102.322000	103.960000	LetsGo 0.020198
HOG h4	104.925000	106.795000	LetsGo 0.020082
HOG h4	107.045000	108.882000	LetsGo 0.018767
HOG h4	109.295000	111.356000	LetsGo 0.015661
HOG h4	148.024000	150.101000	Park 0.012896
HOG h4	150.461000	153.085000	Park 0.020055
HOG h4	153.085000	155.314000	Park 0.012103
HOG h4	155.525000	157.965000	Park 0.015642
HOG h4	263.946000	265.727000	LetsGo 0.019706
HOG h4	265.727000	268.203000	LetsGo 0.020025
HOG h4	268.203000	270.925000	LetsGo 0.016579
HOG h4	270.925000	274.070000	LetsGo 0.017956
HOG h5	10.473000	12.473000	WantStandUp 0.005720
HOG h5	15.381000	17.319000	WantStandUp 0.006981
HOG h5	17.610000	19.916000	ComeCloser 0.006748
HOG h5	21.436000	23.191000	WantStandUp 0.006687
HOG h5	27.379000	30.491000	WantStandUp 0.012616
HOG h5	30.492000	32.933000	WantStandUp 0.010959
HOG h5	32.940000	35.196000	WantStandUp 0.009412
HOG h5	35.196000	37.396000	WantStandUp 0.009702
HOG h5	45.778000	48.226000	WantStandUp 0.006681
HOG h5	49.312000	51.899000	WantStandUp 0.007422
HOG h5	52.230000	55.179000	WantStandUp 0.007642
HOG h5	55.419000	57.503000	WantStandUp 0.008906
HOG h5	72.400000	74.417000	WantStandUp 0.007652
HOG h5	74.850000	77.166000	WantStandUp 0.006784
HOG h5	77.217000	79.675000	WantStandUp 0.006223
HOG h5	80.088000	82.097000	WantStandUp 0.004988
HOG h5	88.085000	90.134000	WantStandUp 0.008873
HOG h5	90.193000	92.412000	WantStandUp 0.011727
HOG h5	92.509000	94.676000	Park 0.012469
HOG h5	94.861000	97.344000	WantStandUp 0.009563
HOG h5	102.322000	103.960000	WantStandUp 0.007887
HOG h5	104.925000	106.795000	WantStandUp 0.008325
HOG h5	107.045000	108.882000	WantStandUp 0.008705
HOG h5	109.295000	111.356000	WantStandUp 0.008674
HOG h5	148.024000	150.101000	WantStandUp 0.011091
HOG h5	150.461000	153.085000	WantStandUp 0.010988
HOG h5	153.085000	155.314000	WantStandUp 0.010618
HOG h5	155.525000	157.965000	WantStandUp 0.014613
HOG h5	263.946000	265.727000	ComeCloser 0.008302
HOG h5	265.727000	268.203000	ComeCloser 0.009834
HOG h5	268.203000	270.925000	ComeCloser 0.007550
HOG h5	270.925000	274.070000	ComeCloser 0.006844
HOG h6	10.473000	12.473000	ComeCloser 0.004038
HOG h6	15.381000	17.319000	ComeCloser 0.006443
HOG h6	17.610000	19.916000	WantStandUp 0.005292
HOG h6	21.436000	23.191000	ComeCloser 0.006491
HOG h6	27.379000	30.491000	ComeCloser 0.003917
HOG h6	30.492000	32.933000	ComeCloser 0.004160
HOG h6	32.940000	35.196000	ComeCloser 0.003543
HOG h6	35.196000	37.396000	ComeCloser 0.003757
HOG h6	45.778000	48.226000	ComeCloser 0.006282
HOG h6	49.312000	51.899000	ComeCloser 0.005604
HOG h6	52.230000	55.179000	ComeCloser 0.004692
HOG h6	55.419000	57.503000	ComeCloser 0.004592
HOG h6	72.400000	74.417000	ComeCloser 0.003371
HOG h6	74.850000	77.166000	ComeCloser 0.005092
HOG h6	77.217000	79.675000	ComeCloser 0.004864
HOG h6	80.088000	82.097000	ComeCloser 0.004684
HOG h6	88.085000	90.134000	ComeCloser 0.004091
HOG h6	90.193000	92.412000	ComeCloser 0.006002
HOG h6	92.509000	94.676000	ComeCloser 0.009152
HOG h6	94.861000	97.344000	ComeCloser 0.006818
HOG h6	102.322000	103.960000	ComeCloser 0.005823
HOG h6	104.925000	106.795000	ComeCloser 0.004516
HOG h6	107.045000	108.882000	ComeCloser 0.005399
HOG h6	109.295000	111.356000	ComeCloser 0.008108
HOG h6	148.024000	150.101000	ComeCloser 0.003907
HOG h6	150.461000	153.085000	ComeCloser 0.004677
HOG h6	153.085000	155.314000	ComeCloser 0.004473
HOG h6	155.525000	157.965000	ComeCloser 0.005373
HOG h6	263.946000	265.727000	WantStandUp 0.003940
HOG h6	265.727000	268.203000	WantStandUp 0.006366
HOG h6	268.203000	270.925000	WantStandUp 0.006696
HOG h6	270.925000	274.070000	WantStandUp 0.005433
HOG h7	10.473000	12.473000	WantSitDown 0.001824
HOG h7	15.381000	17.319000	WantSitDown 0.001070
HOG h7	17.610000	19.916000	WantSitDown 0.001176
HOG h7	21.436000	23.191000	WantSitDown 0.000953
HOG h7	27.379000	30.491000	WantSitDown 0.001767
HOG h7	30.492000	32.933000	WantSitDown 0.001555
HOG h7	32.940000	35.196000	WantSitDown 0.001605
HOG h7	35.196000	37.396000	WantSitDown 0.001710
HOG h7	45.778000	48.226000	WantSitDown 0.002183
HOG h7	49.312000	51.899000	WantSitDown 0.001582
HOG h7	52.230000	55.179000	WantSitDown 0.001479
HOG h7	55.419000	57.503000	WantSitDown 0.001836
HOG h7	72.400000	74.417000	WantSitDown 0.002267
HOG h7	74.850000	77.166000	WantSitDown 0.002127
HOG h7	77.217000	79.675000	WantSitDown 0.001832
HOG h7	80.088000	82.097000	WantSitDown 0.002517
HOG h7	88.085000	90.134000	WantSitDown 0.002283
HOG h7	90.193000	92.412000	WantSitDown 0.001655
HOG h7	92.509000	94.676000	WantSitDown 0.002230
HOG h7	94.861000	97.344000	WantSitDown 0.002849
HOG h7	102.322000	103.960000	WantSitDown 0.001605
HOG h7	104.925000	106.795000	WantSitDown 0.001931
HOG h7	107.045000	108.882000	WantSitDown 0.001589
HOG h7	109.295000	111.356000	WantSitDown 0.001744
HOG h7	148.024000	150.101000	WantSitDown 0.001901
HOG h7	150.461000	153.085000	WantSitDown 0.001483
HOG h7	153.085000	155.314000	WantSitDown 0.001513
HOG h7	155.525000	157.965000	WantSitDown 0.000928
HOG h7	263.946000	265.727000	WantSitDown 0.001492
HOG h7	265.727000	268.203000	WantSitDown 0.000955
HOG h7	268.203000	270.925000	WantSitDown 0.000906
HOG h7	270.925000	274.070000	WantSitDown 0.001660
HOG h8	10.473000	12.473000	PerformTask 0.000067
HOG h8	15.381000	17.319000	PerformTask 0.000084
HOG h8	17.610000	19.916000	PerformTask 0.000061
HOG h8	21.436000	23.191000	PerformTask 0.000106
HOG h8	27.379000	30.491000	PerformTask 0.000123
HOG h8	30.492000	32.933000	PerformTask 0.000130
HOG h8	32.940000	35.196000	PerformTask 0.000095
HOG h8	35.196000	37.396000	PerformTask 0.000091
HOG h8	45.778000	48.226000	PerformTask 0.000078
HOG h8	49.312000	51.899000	PerformTask 0.000102
HOG h8	52.230000	55.179000	PerformTask 0.000092
HOG h8	55.419000	57.503000	PerformTask 0.000089
HOG h8	72.400000	74.417000	PerformTask 0.000153
HOG h8	74.850000	77.166000	PerformTask 0.000183
HOG h8	77.217000	79.675000	PerformTask 0.000118
HOG h8	80.088000	82.097000	PerformTask 0.000078
HOG h8	88.085000	90.134000	PerformTask 0.000150
HOG h8	90.193000	92.412000	PerformTask 0.000105
HOG h8	92.509000	94.676000	PerformTask 0.000432
HOG h8	94.861000	97.344000	PerformTask 0.000121
HOG h8	102.322000	103.960000	PerformTask 0.000081
HOG h8	104.925000	106.795000	PerformTask 0.000062
HOG h8	107.045000	108.882000	PerformTask 0.000084
HOG h8	109.295000	111.356000	PerformTask 0.000072
HOG h8	148.024000	150.101000	PerformTask 0.000123
HOG h8	150.461000	153.085000	PerformTask 0.000098
HOG h8	153.085000	155.314000	PerformTask 0.000129
HOG h8	155.525000	157.965000	PerformTask 0.000128
HOG h8	263.946000	265.727000	PerformTask 0.000056
HOG h8	265.727000	268.203000	PerformTask 0.000056
HOG h8	268.203000	270.925000	PerformTask 0.000082
HOG h8	270.925000	274.070000	PerformTask 0.000066
HOF h1	10.473000	12.473000	Help 0.857321
HOF h1	15.381000	17.319000	Help 0.912931
HOF h1	17.610000	19.916000	Help 0.996395
HOF h1	21.436000	23.191000	Help 0.835308
HOF h1	27.379000	30.491000	WantStandUp 0.642992
HOF h1	30.492000	32.933000	WantStandUp 0.658765
HOF h1	32.940000	35.196000	WantStandUp 0.840224
HOF h1	35.196000	37.396000	WantStandUp 0.744558
HOF h1	45.778000	48.226000	Help 0.611497
HOF h1	49.312000	51.899000	Help 0.325584
HOF h1	52.230000	55.179000	Help 0.645883
HOF h1	55.419000	57.503000	Help 0.721546
HOF h1	72.400000	74.417000	ComeHere 0.071309
HOF h1	74.850000	77.166000	LetsGo 0.290504
HOF h1	77.217000	79.675000	WantStandUp 0.287478
HOF h1	80.088000	82.097000	WantStandUp 0.320077
HOF h1	88.085000	90.134000	ComeHere 0.359377
HOF h1	90.193000	92.412000	ComeHere 0.228576
HOF h1	92.509000	94.676000	ComeHere 0.528754
HOF h1	94.861000	97.344000	ComeHere 0.386903
HOF h1	102.322000	103.960000	ComeCloser 0.607070
HOF h1	104.925000	106.795000	ComeCloser 0.493438
HOF h1	107.045000	108.882000	ComeCloser 0.366735
HOF h1	109.295000	111.356000	Help 0.186008
HOF h1	148.024000	150.101000	WantStandUp 0.358099
HOF h1	150.461000	153.085000	WantStandUp 0.435325
HOF h1	153.085000	155.314000	LetsGo 0.415864
HOF h1	155.525000	157.965000	WantStandUp 0.462945
HOF h1	263.946000	265.727000	Park 0.561273
HOF h1	265.727000	268.203000	Help 0.960203
HOF h1	268.203000	270.925000	Help 0.799803
HOF h1	270.925000	274.070000	Help 0.577833
HOF h2	10.473000	12.473000	Park 0.182225
HOF h2	15.381000	17.319000	ComeCloser 0.224217
HOF h2	17.610000	19.916000	ComeCloser 0.155593
HOF h2	21.436000	23.191000	Park 0.162839
HOF h2	27.379000	30.491000	LetsGo 0.393392
HOF h2	30.492000	32.933000	ComeHere 0.165556
HOF h2	32.940000	35.196000	ComeCloser 0.189798
HOF h2	35.196000	37.396000	LetsGo 0.253471
HOF h2	45.778000	48.226000	LetsGo 0.068551
HOF h2	49.312000	51.899000	PerformTask 0.095349
HOF h2	52.230000	55.179000	PerformTask 0.372404
HOF h2	55.419000	57.503000	PerformTask 0.104998
HOF h2	72.400000	74.417000	LetsGo 0.071146
HOF h2	74.850000	77.166000	WantStandUp 0.251087
HOF h2	77.217000	79.675000	LetsGo 0.108682
HOF h2	80.088000	82.097000	LetsGo 0.105720
HOF h2	88.085000	90.134000	ComeCloser 0.291923
HOF h2	90.193000	92.412000	ComeCloser 0.210352
HOF h2	92.509000	94.676000	Help 0.069276
HOF h2	94.861000	97.344000	ComeCloser 0.130832
HOF h2	102.322000	103.960000	WantStandUp 0.059019
HOF h2	104.925000	106.795000	Help 0.065514
HOF h2	107.045000	108.882000	WantSitDown 0.054315
HOF h2	109.295000	111.356000	LetsGo 0.090308
HOF h2	148.024000	150.101000	LetsGo 0.269322
HOF h2	150.461000	153.085000	LetsGo 0.217150
HOF h2	153.085000	155.314000	WantStandUp 0.307512
HOF h2	155.525000	157.965000	ComeCloser 0.281194
HOF h2	263.946000	265.727000	Help 0.510330
HOF h2	265.727000	268.203000	Park 0.107542
HOF h2	268.203000	270.925000	Park 0.094848
HOF h2	270.925000	274.070000	Park 0.385539
HOF h3	10.473000	12.473000	ComeCloser 0.071295
HOF h3	15.381000	17.319000	Park 0.072413
HOF h3	17.610000	19.916000	WantStandUp 0.031889
HOF h3	21.436000	23.191000	ComeCloser 0.125604
HOF h3	27.379000	30.491000	ComeHere 0.351218
HOF h3	30.492000	32.933000	LetsGo 0.151294
HOF h3	32.940000	35.196000	LetsGo 0.138101
HOF h3	35.196000	37.396000	ComeCloser 0.226960
HOF h3	45.778000	48.226000	ComeCloser 0.042163
HOF h3	49.312000	51.899000	LetsGo 0.082785
HOF h3	52.230000	55.179000	Park 0.065782
HOF h3	55.419000	57.503000	LetsGo 0.075969
HOF h3	72.400000	74.417000	WantSitDown 0.064605
HOF h3	74.850000	77.166000	WantSitDown 0.037521
HOF h3	77.217000	79.675000	ComeCloser 0.046791
HOF h3	80.088000	82.097000	ComeCloser 0.055961
HOF h3	88.085000	90.134000	Help 0.092903
HOF h3	90.193000	92.412000	Help 0.123434
HOF h3	92.509000	94.676000	LetsGo 0.068585
HOF h3	94.861000	97.344000	PerformTask 0.078914
HOF h3	102.322000	103.960000	LetsGo 0.058313
HOF h3	104.925000	106.795000	WantSitDown 0.039152
HOF h3	107.045000	108.882000	Help 0.052118
HOF h3	109.295000	111.356000	ComeCloser 0.064225
HOF h3	148.024000	150.101000	ComeCloser 0.064523
HOF h3	150.461000	153.085000	ComeCloser 0.193351
HOF h3	153.085000	155.314000	ComeCloser 0.054489
HOF h3	155.525000	157.965000	LetsGo 0.219117
HOF h3	263.946000	265.727000	LetsGo 0.036728
HOF h3	265.727000	268.203000	LetsGo 0.066006
HOF h3	268.203000	270.925000	ComeCloser 0.072928
HOF h3	270.925000	274.070000	PerformTask 0.191551
HOF h4	10.473000	12.473000	ComeHere 0.047362
HOF h4	15.381000	17.319000	WantStandUp 0.045947
HOF h4	17.610000	19.916000	Park 0.018979
HOF h4	21.436000	23.191000	LetsGo 0.060974
HOF h4	27.379000	30.491000	WantSitDown 0.031471
HOF h4	30.492000	32.933000	ComeCloser 0.061526
HOF h4	32.940000	35.196000	ComeHere 0.059552
HOF h4	35.196000	37.396000	ComeHere 0.019372
HOF h4	45.778000	48.226000	PerformTask 0.031874
HOF h4	49.312000	51.899000	Park 0.043111
HOF h4	52.230000	55.179000	ComeCloser 0.050726
HOF h4	55.419000	57.503000	ComeHere 0.028494
HOF h4	72.400000	74.417000	WantStandUp 0.059396
HOF h4	74.850000	77.166000	Help 0.031823
HOF h4	77.217000	79.675000	ComeHere 0.042589
HOF h4	80.088000	82.097000	ComeHere 0.027820
HOF h4	88.085000	90.134000	LetsGo 0.059975
HOF h4	90.193000	92.412000	WantStandUp 0.057233
HOF h4	92.509000	94.676000	ComeCloser 0.066512
HOF h4	94.861000	97.344000	Park 0.033633
HOF h4	102.322000	103.960000	ComeHere 0.037952
HOF h4	104.925000	106.795000	LetsGo 0.039098
HOF h4	107.045000	108.882000	LetsGo 0.043358
HOF h4	109.295000	111.356000	Park 0.031954
HOF h4	148.024000	150.101000	WantSitDown 0.062958
HOF h4	150.461000	153.085000	ComeHere 0.136549
HOF h4	153.085000	155.314000	ComeHere 0.047296
HOF h4	155.525000	157.965000	ComeHere 0.025023
HOF h4	263.946000	265.727000	ComeHere 0.017794
HOF h4	265.727000	268.203000	ComeCloser 0.030636
HOF h4	268.203000	270.925000	PerformTask 0.034987
HOF h4	270.925000	274.070000	ComeCloser 0.035689
HOF h5	10.473000	12.473000	WantStandUp 0.033585
HOF h5	15.381000	17.319000	LetsGo 0.019685
HOF h5	17.610000	19.916000	LetsGo 0.018504
HOF h5	21.436000	23.191000	WantStandUp 0.032281
HOF h5	27.379000	30.491000	ComeCloser 0.006660
HOF h5	30.492000	32.933000	WantSitDown 0.024663
HOF h5	32.940000	35.196000	WantSitDown 0.006860
HOF h5	35.196000	37.396000	WantSitDown 0.009643
HOF h5	45.778000	48.226000	Park 0.026381
HOF h5	49.312000	51.899000	WantStandUp 0.020135
HOF h5	52.230000	55.179000	LetsGo 0.026910
HOF h5	55.419000	57.503000	ComeCloser 0.023822
HOF h5	72.400000	74.417000	ComeCloser 0.032251
HOF h5	74.850000	77.166000	ComeCloser 0.031546
HOF h5	77.217000	79.675000	WantSitDown 0.034781
HOF h5	80.088000	82.097000	Park 0.018046
HOF h5	88.085000	90.134000	WantStandUp 0.028063
HOF h5	90.193000	92.412000	LetsGo 0.046730
HOF h5	92.509000	94.676000	WantStandUp 0.046447
HOF h5	94.861000	97.344000	LetsGo 0.031625
HOF h5	102.322000	103.960000	Help 0.026994
HOF h5	104.925000	106.795000	WantStandUp 0.030155
HOF h5	107.045000	108.882000	Park 0.038575
HOF h5	109.295000	111.356000	WantSitDown 0.028895
HOF h5	148.024000	150.101000	ComeHere 0.025560
HOF h5	150.461000	153.085000	WantSitDown 0.033527
HOF h5	153.085000	155.314000	Help 0.017507
HOF h5	155.525000	157.965000	PerformTask 0.007902
HOF h5	263.946000	265.727000	ComeCloser 0.014991
HOF h5	265.727000	268.203000	PerformTask 0.011749
HOF h5	268.203000	270.925000	LetsGo 0.026272
HOF h5	270.925000	274.070000	WantStandUp 0.016749
HOF h6	10.473000	12.473000	LetsGo 0.025441
HOF h6	15.381000	17.319000	ComeHere 0.016207
HOF h6	17.610000	19.916000	ComeHere 0.012332
HOF h6	21.436000	23.191000	ComeHere 0.013394
HOF h6	27.379000	30.491000	Park 0.000819
HOF h6	30.492000	32.933000	Park 0.002511
HOF h6	32.940000	35.196000	Park 0.002572
HOF h6	35.196000	37.396000	Park 0.005088
HOF h6	45.778000	48.226000	ComeHere 0.019966
HOF h6	49.312000	51.899000	WantSitDown 0.019083
HOF h6	52.230000	55.179000	WantStandUp 0.009407
HOF h6	55.419000	57.503000	Park 0.015050
HOF h6	72.400000	74.417000	Park 0.026443
HOF h6	74.850000	77.166000	ComeHere 0.012660
HOF h6	77.217000	79.675000	Park 0.016888
HOF h6	80.088000	82.097000	Help 0.010517
HOF h6	88.085000	90.134000	PerformTask 0.021316
HOF h6	90.193000	92.412000	Park 0.010156
HOF h6	92.509000	94.676000	Park 0.016603
HOF h6	94.861000	97.344000	WantStandUp 0.029192
HOF h6	102.322000	103.960000	Park 0.022587
HOF h6	104.925000	106.795000	Park 0.025221
HOF h6	107.045000	108.882000	WantStandUp 0.034604
HOF h6	109.295000	111.356000	PerformTask 0.028801
HOF h6	148.024000	150.101000	Help 0.010050
HOF h6	150.461000	153.085000	Help 0.007410
HOF h6	153.085000	155.314000	WantSitDown 0.014752
HOF h6	155.525000	157.965000	WantSitDown 0.007798
HOF h6	263.946000	265.727000	PerformTask 0.011376
HOF h6	265.727000	268.203000	WantStandUp 0.011228
HOF h6	268.203000	270.925000	WantStandUp 0.014022
HOF h6	270.925000	274.070000	LetsGo 0.014359
HOF h7	10.473000	12.473000	PerformTask 0.003917
HOF h7	15.381000	17.319000	PerformTask 0.004671
HOF h7	17.610000	19.916000	PerformTask 0.010284
HOF h7	21.436000	23.191000	PerformTask 0.006426
HOF h7	27.379000	30.491000	PerformTask 0.000720
HOF h7	30.492000	32.933000	PerformTask 0.000345
HOF h7	32.940000	35.196000	PerformTask 0.000285
HOF h7	35.196000	37.396000	PerformTask 0.000342
HOF h7	45.778000	48.226000	WantSitDown 0.018627
HOF h7	49.312000	51.899000	ComeHere 0.010669
HOF h7	52.230000	55.179000	ComeHere 0.007357
HOF h7	55.419000	57.503000	WantStandUp 0.013371
HOF h7	72.400000	74.417000	PerformTask 0.014750
HOF h7	74.850000	77.166000	Park 0.008290
HOF h7	77.217000	79.675000	Help 0.008430
HOF h7	80.088000	82.097000	WantSitDown 0.009549
HOF h7	88.085000	90.134000	Park 0.013481
HOF h7	90.193000	92.412000	WantSitDown 0.008206
HOF h7	92.509000	94.676000	PerformTask 0.009011
HOF h7	94.861000	97.344000	Help 0.016706
HOF h7	102.322000	103.960000	WantSitDown 0.010161
HOF h7	104.925000	106.795000	PerformTask 0.014608
HOF h7	107.045000	108.882000	ComeHere 0.021460
HOF h7	109.295000	111.356000	WantStandUp 0.025343
HOF h7	148.024000	150.101000	PerformTask 0.001989
HOF h7	150.461000	153.085000	PerformTask 0.002110
HOF h7	153.085000	155.314000	PerformTask 0.002799
HOF h7	155.525000	157.965000	Help 0.006674
HOF h7	263.946000	265.727000	WantStandUp 0.009099
HOF h7	265.727000	268.203000	ComeHere 0.010883
HOF h7	268.203000	270.925000	ComeHere 0.011120
HOF h7	270.925000	274.070000	ComeHere 0.004816
HOF h8	10.473000	12.473000	WantSitDown 0.001365
HOF h8	15.381000	17.319000	WantSitDown 0.002520
HOF h8	17.610000	19.916000	WantSitDown 0.001609
HOF h8	21.436000	23.191000	WantSitDown 0.000703
HOF h8	27.379000	30.491000	Help 0.000011
HOF h8	30.492000	32.933000	Help 0.000006
HOF h8	32.940000	35.196000	Help 0.000008
HOF h8	35.196000	37.396000	Help 0.000009
HOF h8	45.778000	48.226000	WantStandUp 0.011784
HOF h8	49.312000	51.899000	ComeCloser 0.006632
HOF h8	52.230000	55.179000	WantSitDown 0.003288
HOF h8	55.419000	57.503000	WantSitDown 0.005020
HOF h8	72.400000	74.417000	Help 0.009498
HOF h8	74.850000	77.166000	PerformTask 0.001697
HOF h8	77.217000	79.675000	PerformTask 0.003180
HOF h8	80.088000	82.097000	PerformTask 0.008994
HOF h8	88.085000	90.134000	WantSitDown 0.002158
HOF h8	90.193000	92.412000	PerformTask 0.006229
HOF h8	92.509000	94.676000	WantSitDown 0.003849
HOF h8	94.861000	97.344000	WantSitDown 0.004247
HOF h8	102.322000	103.960000	PerformTask 0.006624
HOF h8	104.925000	106.795000	ComeHere 0.012128
HOF h8	107.045000	108.882000	PerformTask 0.005047
HOF h8	109.295000	111.356000	ComeHere 0.009426
HOF h8	148.024000	150.101000	Park 0.001367
HOF h8	150.461000	153.085000	Park 0.000395
HOF h8	153.085000	155.314000	Park 0.001154
HOF h8	155.525000	157.965000	Park 0.001567
HOF h8	263.946000	265.727000	WantSitDown 0.009032
HOF h8	265.727000	268.203000	WantSitDown 0.004182
HOF h8	268.203000	270.925000	WantSitDown 0.008757
HOF h8	270.925000	274.070000	WantSitDown 0.002552
MBHx h1	10.473000	12.473000	Help 0.743003
MBHx h1	15.381000	17.319000	Help 0.532330
MBHx h1	17.610000	19.916000	Help 0.763762
MBHx h1	21.436000	23.191000	Help 0.537301
MBHx h1	27.379000	30.491000	LetsGo 0.873238
MBHx h1	30.492000	32.933000	LetsGo 0.560611
MBHx h1	32.940000	35.196000	LetsGo 0.637493
MBHx h1	35.196000	37.396000	LetsGo 0.529312
MBHx h1	45.778000	48.226000	Help 0.557694
MBHx h1	49.312000	51.899000	Help 0.339934
MBHx h1	52.230000	55.179000	Park 0.369846
MBHx h1	55.419000	57.503000	Help 0.853056
MBHx h1	72.400000	74.417000	LetsGo 0.414623
MBHx h1	74.850000	77.166000	LetsGo 0.446446
MBHx h1	77.217000	79.675000	LetsGo 0.562175
MBHx h1	80.088000	82.097000	LetsGo 0.208465
MBHx h1	88.085000	90.134000	LetsGo 0.561305
MBHx h1	90.193000	92.412000	LetsGo 0.553642
MBHx h1	92.509000	94.676000	LetsGo 0.500000
MBHx h1	94.861000	97.344000	LetsGo 0.190437
MBHx h1	102.322000	103.960000	LetsGo 0.233431
MBHx h1	104.925000	106.795000	ComeHere 0.211250
MBHx h1	107.045000	108.882000	ComeHere 0.189309
MBHx h1	109.295000	111.356000	Help 0.659290
MBHx h1	148.024000	150.101000	LetsGo 0.809678
MBHx h1	150.461000	153.085000	LetsGo 0.557166
MBHx h1	153.085000	155.314000	LetsGo 0.702405
MBHx h1	155.525000	157.965000	LetsGo 0.621255
MBHx h1	263.946000	265.727000	Park 0.900159
MBHx h1	265.727000	268.203000	Help 0.688964
MBHx h1	268.203000	270.925000	Help 0.536542
MBHx h1	270.925000	274.070000	Help 0.471268
MBHx h2	10.473000	12.473000	LetsGo 0.166817
MBHx h2	15.381000	17.319000	Park 0.132659
MBHx h2	17.610000	19.916000	Park 0.158702
MBHx h2	21.436000	23.191000	Park 0.351068
MBHx h2	27.379000	30.491000	WantStandUp 0.316644
MBHx h2	30.492000	32.933000	ComeHere 0.239953
MBHx h2	32.940000	35.196000	ComeHere 0.273570
MBHx h2	35.196000	37.396000	ComeHere 0.285748
MBHx h2	45.778000	48.226000	Park 0.074512
MBHx h2	49.312000	51.899000	Park 0.174987
MBHx h2	52.230000	55.179000	Help 0.298895
MBHx h2	55.419000	57.503000	Park 0.165560
MBHx h2	72.400000	74.417000	WantSitDown 0.070378
MBHx h2	74.850000	77.166000	Help 0.076916
MBHx h2	77.217000	79.675000	Help 0.162640
MBHx h2	80.088000	82.097000	Help 0.190217
MBHx h2	88.085000	90.134000	Help 0.109202
MBHx h2	90.193000	92.412000	ComeHere 0.207162
MBHx h2	92.509000	94.676000	ComeHere 0.074054
MBHx h2	94.861000	97.344000	Help 0.172993
MBHx h2	102.322000	103.960000	Help 0.136928
MBHx h2	104.925000	106.795000	LetsGo 0.145748
MBHx h2	107.045000	108.882000	LetsGo 0.160616
MBHx h2	109.295000	111.356000	ComeHere 0.107238
MBHx h2	148.024000	150.101000	ComeHere 0.161178
MBHx h2	150.461000	153.085000	PerformTask 0.081189
MBHx h2	153.085000	155.314000	ComeHere 0.079389
MBHx h2	155.525000	157.965000	Help 0.094692
MBHx h2	263.946000	265.727000	Help 0.327283
MBHx h2	265.727000	268.203000	Park 0.424388
MBHx h2	268.203000	270.925000	Park 0.397729
MBHx h2	270.925000	274.070000	Park 0.388306
MBHx h3	10.473000	12.473000	ComeHere 0.109633
MBHx h3	15.381000	17.319000	LetsGo 0.092654
MBHx h3	17.610000	19.916000	ComeHere 0.147098
MBHx h3	21.436000	23.191000	ComeHere 0.105561
MBHx h3	27.379000	30.491000	ComeHere 0.063859
MBHx h3	30.492000	32.933000	WantStandUp 0.059855
MBHx h3	32.940000	35.196000	WantStandUp 0.073393
MBHx h3	35.196000	37.396000	WantStandUp 0.059471
MBHx h3	45.778000	48.226000	ComeCloser 0.062853
MBHx h3	49.312000	51.899000	ComeCloser 0.078171
MBHx h3	52.230000	55.179000	PerformTask 0.080750
MBHx h3	55.419000	57.503000	LetsGo 0.133928
MBHx h3	72.400000	74.417000	WantStandUp 0.045787
MBHx h3	74.850000	77.166000	Park 0.029936
MBHx h3	77.217000	79.675000	Park 0.036335
MBHx h3	80.088000	82.097000	Park 0.060896
MBHx h3	88.085000	90.134000	ComeHere 0.069962
MBHx h3	90.193000	92.412000	Help 0.128240
MBHx h3	92.509000	94.676000	Help 0.071968
MBHx h3	94.861000	97.344000	Park 0.039558
MBHx h3	102.322000	103.960000	ComeHere 0.110245
MBHx h3	104.925000	106.795000	Help 0.115502
MBHx h3	107.045000	108.882000	Help 0.124830
MBHx h3	109.295000	111.356000	LetsGo 0.091510
MBHx h3	148.024000	150.101000	WantStandUp 0.029768
MBHx h3	150.461000	153.085000	WantStandUp 0.054785
MBHx h3	153.085000	155.314000	Help 0.075221
MBHx h3	155.525000	157.965000	PerformTask 0.094415
MBHx h3	263.946000	265.727000	LetsGo 0.079967
MBHx h3	265.727000	268.203000	LetsGo 0.066189
MBHx h3	268.203000	270.925000	LetsGo 0.097440
MBHx h3	270.925000	274.070000	LetsGo 0.097808
MBHx h4	10.473000	12.473000	Park 0.050276
MBHx h4	15.381000	17.319000	ComeHere 0.081125
MBHx h4	17.610000	19.916000	LetsGo 0.059618
MBHx h4	21.436000	23.191000	LetsGo 0.067119
MBHx h4	27.379000	30.491000	Help 0.031360
MBHx h4	30.492000	32.933000	PerformTask 0.030960
MBHx h4	32.940000	35.196000	Help 0.034962
MBHx h4	35.196000	37.396000	Help 0.050523
MBHx h4	45.778000	48.226000	LetsGo 0.046965
MBHx h4	49.312000	51.899000	LetsGo 0.064880
MBHx h4	52.230000	55.179000	LetsGo 0.074785
MBHx h4	55.419000	57.503000	ComeCloser 0.047915
MBHx h4	72.400000	74.417000	Park 0.021046
MBHx h4	74.850000	77.166000	ComeCloser 0.029458
MBHx h4	77.217000	79.675000	ComeCloser 0.028733
MBHx h4	80.088000	82.097000	ComeCloser 0.034659
MBHx h4	88.085000	90.134000	PerformTask 0.036513
MBHx h4	90.193000	92.412000	Park 0.026509
MBHx h4	92.509000	94.676000	Park 0.028792
MBHx h4	94.861000	97.344000	PerformTask 0.037761
MBHx h4	102.322000	103.960000	ComeCloser 0.062346
MBHx h4	104.925000	106.795000	ComeCloser 0.061160
MBHx h4	107.045000	108.882000	ComeCloser 0.067942
MBHx h4	109.295000	111.356000	ComeCloser 0.080037
MBHx h4	148.024000	150.101000	Help 0.020603
MBHx h4	150.461000	153.085000	Help 0.048759
MBHx h4	153.085000	155.314000	WantStandUp 0.037537
MBHx h4	155.525000	157.965000	WantStandUp 0.049861
MBHx h4	263.946000	265.727000	ComeHere 0.025525
MBHx h4	265.727000	268.203000	PerformTask 0.028941
MBHx h4	268.203000	270.925000	PerformTask 0.032140
MBHx h4	270.925000	274.070000	ComeHere 0.050763
MBHx h5	10.473000	12.473000	PerformTask 0.018845
MBHx h5	15.381000	17.319000	PerformTask 0.022740
MBHx h5	17.610000	19.916000	PerformTask 0.014844
MBHx h5	21.436000	23.191000	PerformTask 0.015733
MBHx h5	27.379000	30.491000	Park 0.004007
MBHx h5	30.492000	32.933000	Help 0.018065
MBHx h5	32.940000	35.196000	PerformTask 0.013746
MBHx h5	35.196000	37.396000	PerformTask 0.011283
MBHx h5	45.778000	48.226000	PerformTask 0.031882
MBHx h5	49.312000	51.899000	PerformTask 0.058743
MBHx h5	52.230000	55.179000	ComeHere 0.029210
MBHx h5	55.419000	57.503000	ComeHere 0.014093
MBHx h5	72.400000	74.417000	Help 0.020433
MBHx h5	74.850000	77.166000	ComeHere 0.022937
MBHx h5	77.217000	79.675000	ComeHere 0.015049
MBHx h5	80.088000	82.097000	ComeHere 0.022710
MBHx h5	88.085000	90.134000	Park 0.020970
MBHx h5	90.193000	92.412000	ComeCloser 0.015131
MBHx h5	92.509000	94.676000	PerformTask 0.020539
MBHx h5	94.861000	97.344000	ComeHere 0.036179
MBHx h5	102.322000	103.960000	WantStandUp 0.030507
MBHx h5	104.925000	106.795000	Park 0.021664
MBHx h5	107.045000	108.882000	Park 0.026561
MBHx h5	109.295000	111.356000	Park 0.048732
MBHx h5	148.024000	150.101000	PerformTask 0.013588
MBHx h5	150.461000	153.085000	ComeHere 0.031011
MBHx h5	153.085000	155.314000	PerformTask 0.029717
MBHx h5	155.525000	157.965000	ComeHere 0.032410
MBHx h5	263.946000	265.727000	PerformTask 0.008640
MBHx h5	265.727000	268.203000	ComeHere 0.023530
MBHx h5	268.203000	270.925000	ComeCloser 0.027364
MBHx h5	270.925000	274.070000	PerformTask 0.025307
MBHx h6	10.473000	12.473000	WantStandUp 0.008588
MBHx h6	15.381000	17.319000	ComeCloser 0.011628
MBHx h6	17.610000	19.916000	WantStandUp 0.008648
MBHx h6	21.436000	23.191000	WantStandUp 0.007076
MBHx h6	27.379000	30.491000	PerformTask 0.002990
MBHx h6	30.492000	32.933000	ComeCloser 0.010067
MBHx h6	32.940000	35.196000	Park 0.008070
MBHx h6	35.196000	37.396000	Park 0.009906
MBHx h6	45.778000	48.226000	ComeHere 0.022598
MBHx h6	49.312000	51.899000	ComeHere 0.048218
MBHx h6	52.230000	55.179000	ComeCloser 0.011140
MBHx h6	55.419000	57.503000	PerformTask 0.013850
MBHx h6	72.400000	74.417000	ComeCloser 0.019282
MBHx h6	74.850000	77.166000	WantStandUp 0.013098
MBHx h6	77.217000	79.675000	WantStandUp 0.008898
MBHx h6	80.088000	82.097000	PerformTask 0.018981
MBHx h6	88.085000	90.134000	WantStandUp 0.009966
MBHx h6	90.193000	92.412000	PerformTask 0.009421
MBHx h6	92.509000	94.676000	ComeCloser 0.014702
MBHx h6	94.861000	97.344000	ComeCloser 0.012212
MBHx h6	102.322000	103.960000	Park 0.015109
MBHx h6	104.925000	106.795000	WantStandUp 0.016763
MBHx h6	107.045000	108.882000	PerformTask 0.023944
MBHx h6	109.295000	111.356000	WantStandUp 0.010489
MBHx h6	148.024000	150.101000	Park 0.008713
MBHx h6	150.461000	153.085000	Park 0.007770
MBHx h6	153.085000	155.314000	Park 0.007458
MBHx h6	155.525000	157.965000	ComeCloser 0.010774
MBHx h6	263.946000	265.727000	ComeCloser 0.002962
MBHx h6	265.727000	268.203000	ComeCloser 0.010939
MBHx h6	268.203000	270.925000	ComeHere 0.007347
MBHx h6	270.925000	274.070000	ComeCloser 0.015665
MBHx h7	10.473000	12.473000	ComeCloser 0.005128
MBHx h7	15.381000	17.319000	WantStandUp 0.009631
MBHx h7	17.610000	19.916000	ComeCloser 0.006461
MBHx h7	21.436000	23.191000	ComeCloser 0.006028
MBHx h7	27.379000	30.491000	ComeCloser 0.001606
MBHx h7	30.492000	32.933000	Park 0.005973
MBHx h7	32.940000	35.196000	ComeCloser 0.002580
MBHx h7	35.196000	37.396000	ComeCloser 0.003325
MBHx h7	45.778000	48.226000	WantStandUp 0.007551
MBHx h7	49.312000	51.899000	WantStandUp 0.002203
MBHx h7	52.230000	55.179000	WantStandUp 0.002493
MBHx h7	55.419000	57.503000	WantStandUp 0.001905
MBHx h7	72.400000	74.417000	ComeHere 0.011053
MBHx h7	74.850000	77.166000	PerformTask 0.012492
MBHx h7	77.217000	79.675000	PerformTask 0.008545
MBHx h7	80.088000	82.097000	WantStandUp 0.006876
MBHx h7	88.085000	90.134000	WantSitDown 0.005895
MBHx h7	90.193000	92.412000	WantStandUp 0.004728
MBHx h7	92.509000	94.676000	WantStandUp 0.009256
MBHx h7	94.861000	97.344000	WantSitDown 0.009842
MBHx h7	102.322000	103.960000	PerformTask 0.007551
MBHx h7	104.925000	106.795000	PerformTask 0.016760
MBHx h7	107.045000	108.882000	WantStandUp 0.006003
MBHx h7	109.295000	111.356000	PerformTask 0.009067
MBHx h7	148.024000	150.101000	WantSitDown 0.008096
MBHx h7	150.461000	153.085000	ComeCloser 0.006215
MBHx h7	153.085000	155.314000	ComeCloser 0.004892
MBHx h7	155.525000	157.965000	Park 0.008689
MBHx h7	263.946000	265.727000	WantStandUp 0.001538
MBHx h7	265.727000	268.203000	WantStandUp 0.003302
MBHx h7	268.203000	270.925000	WantStandUp 0.003201
MBHx h7	270.925000	274.070000	WantStandUp 0.002099
MBHx h8	10.473000	12.473000	WantSitDown 0.000471
MBHx h8	15.381000	17.319000	WantSitDown 0.000260
MBHx h8	17.610000	19.916000	WantSitDown 0.000238
MBHx h8	21.436000	23.191000	WantSitDown 0.000275
MBHx h8	27.379000	30.491000	WantSitDown 0.001592
MBHx h8	30.492000	32.933000	WantSitDown 0.001698
MBHx h8	32.940000	35.196000	WantSitDown 0.001323
MBHx h8	35.196000	37.396000	WantSitDown 0.002180
MBHx h8	45.778000	48.226000	WantSitDown 0.001960
MBHx h8	49.312000	51.899000	WantSitDown 0.000743
MBHx h8	52.230000	55.179000	WantSitDown 0.000494
MBHx h8	55.419000	57.503000	WantSitDown 0.000774
MBHx h8	72.400000	74.417000	PerformTask 0.006491
MBHx h8	74.850000	77.166000	WantSitDown 0.010071
MBHx h8	77.217000	79.675000	WantSitDown 0.006339
MBHx h8	80.088000	82.097000	WantSitDown 0.006527
MBHx h8	88.085000	90.134000	ComeCloser 0.002713
MBHx h8	90.193000	92.412000	WantSitDown 0.004705
MBHx h8	92.509000	94.676000	WantSitDown 0.004207
MBHx h8	94.861000	97.344000	WantStandUp 0.006965
MBHx h8	102.322000	103.960000	WantSitDown 0.001620
MBHx h8	104.925000	106.795000	WantSitDown 0.001616
MBHx h8	107.045000	108.882000	WantSitDown 0.002681
MBHx h8	109.295000	111.356000	WantSitDown 0.000498
MBHx h8	148.024000	150.101000	ComeCloser 0.002061
MBHx h8	150.461000	153.085000	WantSitDown 0.002151
MBHx h8	153.085000	155.314000	WantSitDown 0.002015
MBHx h8	155.525000	157.965000	WantSitDown 0.000387
MBHx h8	263.946000	265.727000	WantSitDown 0.000998
MBHx h8	265.727000	268.203000	WantSitDown 0.000401
MBHx h8	268.203000	270.925000	WantSitDown 0.000659
MBHx h8	270.925000	274.070000	WantSitDown 0.000679
MBHy h1	10.473000	12.473000	ComeHere 0.388597
MBHy h1	15.381000	17.319000	ComeCloser 0.342347
MBHy h1	17.610000	19.916000	Help 0.407031
MBHy h1	21.436000	23.191000	Help 0.225255
MBHy h1	27.379000	30.491000	WantStandUp 0.742645
MBHy h1	30.492000	32.933000	ComeCloser 0.609385
MBHy h1	32.940000	35.196000	WantStandUp 0.438280
MBHy h1	35.196000	37.396000	WantStandUp 0.475080
MBHy h1	45.778000	48.226000	Help 0.731379
MBHy h1	49.312000	51.899000	Help 0.607611
MBHy h1	52.230000	55.179000	Help 0.614743
MBHy h1	55.419000	57.503000	Help 0.323079
MBHy h1	72.400000	74.417000	LetsGo 0.489463
MBHy h1	74.850000	77.166000	LetsGo 0.558808
MBHy h1	77.217000	79.675000	LetsGo 0.486211
MBHy h1	80.088000	82.097000	LetsGo 0.382078
MBHy h1	88.085000	90.134000	ComeHere 0.808367
MBHy h1	90.193000	92.412000	ComeHere 0.470652
MBHy h1	92.509000	94.676000	ComeHere 0.376027
MBHy h1	94.861000	97.344000	ComeHere 0.146232
MBHy h1	102.322000	103.960000	LetsGo 0.428943
MBHy h1	104.925000	106.795000	LetsGo 0.424313
MBHy h1	107.045000	108.882000	LetsGo 0.393117
MBHy h1	109.295000	111.356000	Help 0.758903
MBHy h1	148.024000	150.101000	LetsGo 0.810852
MBHy h1	150.461000	153.085000	LetsGo 0.600915
MBHy h1	153.085000	155.314000	LetsGo 0.844283
MBHy h1	155.525000	157.965000	LetsGo 0.720471
MBHy h1	263.946000	265.727000	Park 0.205618
MBHy h1	265.727000	268.203000	Help 0.407910
MBHy h1	268.203000	270.925000	ComeCloser 0.286427
MBHy h1	270.925000	274.070000	LetsGo 0.111962
MBHy h2	10.473000	12.473000	Help 0.250772
MBHy h2	15.381000	17.319000	ComeHere 0.169139
MBHy h2	17.610000	19.916000	ComeCloser 0.203219
MBHy h2	21.436000	23.191000	ComeCloser 0.204159
MBHy h2	27.379000	30.491000	LetsGo 0.391102
MBHy h2	30.492000	32.933000	WantStandUp 0.239276
MBHy h2	32.940000	35.196000	ComeCloser 0.394753
MBHy h2	35.196000	37.396000	LetsGo 0.360552
MBHy h2	45.778000	48.226000	ComeCloser 0.308332
MBHy h2	49.312000	51.899000	ComeCloser 0.308365
MBHy h2	52.230000	55.179000	LetsGo 0.148554
MBHy h2	55.419000	57.503000	LetsGo 0.123587
MBHy h2	72.400000	74.417000	WantSitDown 0.179513
MBHy h2	74.850000	77.166000	WantStandUp 0.101474
MBHy h2	77.217000	79.675000	WantStandUp 0.070136
MBHy h2	80.088000	82.097000	ComeCloser 0.097403
MBHy h2	88.085000	90.134000	LetsGo 0.214344
MBHy h2	90.193000	92.412000	LetsGo 0.141761
MBHy h2	92.509000	94.676000	LetsGo 0.256200
MBHy h2	94.861000	97.344000	LetsGo 0.137953
MBHy h2	102.322000	103.960000	ComeCloser 0.199115
MBHy h2	104.925000	106.795000	ComeCloser 0.125051
MBHy h2	107.045000	108.882000	Help 0.140140
MBHy h2	109.295000	111.356000	LetsGo 0.371415
MBHy h2	148.024000	150.101000	WantStandUp 0.200937
MBHy h2	150.461000	153.085000	WantStandUp 0.484778
MBHy h2	153.085000	155.314000	WantStandUp 0.357049
MBHy h2	155.525000	157.965000	WantStandUp 0.413134
MBHy h2	263.946000	265.727000	Help 0.162238
MBHy h2	265.727000	268.203000	ComeCloser 0.239442
MBHy h2	268.203000	270.925000	Help 0.233006
MBHy h2	270.925000	274.070000	Help 0.106071
MBHy h3	10.473000	12.473000	LetsGo 0.103812
MBHy h3	15.381000	17.319000	Help 0.129096
MBHy h3	17.610000	19.916000	ComeHere 0.095429
MBHy h3	21.436000	23.191000	LetsGo 0.083157
MBHy h3	27.379000	30.491000	ComeHere 0.085480
MBHy h3	30.492000	32.933000	ComeHere 0.214773
MBHy h3	32.940000	35.196000	LetsGo 0.335299
MBHy h3	35.196000	37.396000	ComeCloser 0.263506
MBHy h3	45.778000	48.226000	LetsGo 0.078676
MBHy h3	49.312000	51.899000	LetsGo 0.094643
MBHy h3	52.230000	55.179000	ComeCloser 0.123943
MBHy h3	55.419000	57.503000	ComeCloser 0.120222
MBHy h3	72.400000	74.417000	ComeHere 0.063208
MBHy h3	74.850000	77.166000	Help 0.067989
MBHy h3	77.217000	79.675000	ComeCloser 0.067503
MBHy h3	80.088000	82.097000	Help 0.048969
MBHy h3	88.085000	90.134000	ComeCloser 0.085279
MBHy h3	90.193000	92.412000	Help 0.120843
MBHy h3	92.509000	94.676000	Help 0.089426
MBHy h3	94.861000	97.344000	Help 0.078932
MBHy h3	102.322000	103.960000	WantStandUp 0.073543
MBHy h3	104.925000	106.795000	Help 0.093559
MBHy h3	107.045000	108.882000	ComeCloser 0.115768
MBHy h3	109.295000	111.356000	WantStandUp 0.045732
MBHy h3	148.024000	150.101000	ComeCloser 0.087421
MBHy h3	150.461000	153.085000	ComeCloser 0.149351
MBHy h3	153.085000	155.314000	ComeCloser 0.061167
MBHy h3	155.525000	157.965000	ComeCloser 0.208607
MBHy h3	263.946000	265.727000	LetsGo 0.121725
MBHy h3	265.727000	268.203000	LetsGo 0.100708
MBHy h3	268.203000	270.925000	LetsGo 0.051867
MBHy h3	270.925000	274.070000	Park 0.102490
MBHy h4	10.473000	12.473000	ComeCloser 0.090936
MBHy h4	15.381000	17.319000	LetsGo 0.069625
MBHy h4	17.610000	19.916000	LetsGo 0.085208
MBHy h4	21.436000	23.191000	Park 0.058431
MBHy h4	27.379000	30.491000	ComeCloser 0.032522
MBHy h4	30.492000	32.933000	LetsGo 0.210937
MBHy h4	32.940000	35.196000	ComeHere 0.064651
MBHy h4	35.196000	37.396000	ComeHere 0.021113
MBHy h4	45.778000	48.226000	ComeHere 0.027690
MBHy h4	49.312000	51.899000	WantStandUp 0.035135
MBHy h4	52.230000	55.179000	ComeHere 0.017750
MBHy h4	55.419000	57.503000	Park 0.018333
MBHy h4	72.400000	74.417000	WantStandUp 0.033356
MBHy h4	74.850000	77.166000	WantSitDown 0.049612
MBHy h4	77.217000	79.675000	WantSitDown 0.059173
MBHy h4	80.088000	82.097000	WantStandUp 0.041719
MBHy h4	88.085000	90.134000	Help 0.052709
MBHy h4	90.193000	92.412000	WantStandUp 0.084549
MBHy h4	92.509000	94.676000	WantStandUp 0.041469
MBHy h4	94.861000	97.344000	ComeCloser 0.030846
MBHy h4	102.322000	103.960000	Help 0.057683
MBHy h4	104.925000	106.795000	WantStandUp 0.059570
MBHy h4	107.045000	108.882000	ComeHere 0.046368
MBHy h4	109.295000	111.356000	ComeHere 0.027493
MBHy h4	148.024000	150.101000	ComeHere 0.038085
MBHy h4	150.461000	153.085000	ComeHere 0.068331
MBHy h4	153.085000	155.314000	ComeHere 0.023402
MBHy h4	155.525000	157.965000	Help 0.022362
MBHy h4	263.946000	265.727000	ComeCloser 0.056090
MBHy h4	265.727000	268.203000	ComeHere 0.041053
MBHy h4	268.203000	270.925000	Park 0.044351
MBHy h4	270.925000	274.070000	ComeHere 0.067455
MBHy h5	10.473000	12.473000	WantStandUp 0.017282
MBHy h5	15.381000	17.319000	Park 0.030421
MBHy h5	17.610000	19.916000	Park 0.020278
MBHy h5	21.436000	23.191000	ComeHere 0.024151
MBHy h5	27.379000	30.491000	WantSitDown 0.024058
MBHy h5	30.492000	32.933000	WantSitDown 0.041461
MBHy h5	32.940000	35.196000	WantSitDown 0.011613
MBHy h5	35.196000	37.396000	WantSitDown 0.010202
MBHy h5	45.778000	48.226000	WantStandUp 0.017847
MBHy h5	49.312000	51.899000	ComeHere 0.014309
MBHy h5	52.230000	55.179000	WantStandUp 0.012904
MBHy h5	55.419000	57.503000	ComeHere 0.012716
MBHy h5	72.400000	74.417000	Help 0.019782
MBHy h5	74.850000	77.166000	ComeCloser 0.031789
MBHy h5	77.217000	79.675000	Help 0.032716
MBHy h5	80.088000	82.097000	WantSitDown 0.026200
MBHy h5	88.085000	90.134000	WantStandUp 0.049051
MBHy h5	90.193000	92.412000	WantSitDown 0.022631
MBHy h5	92.509000	94.676000	ComeCloser 0.032747
MBHy h5	94.861000	97.344000	WantSitDown 0.027923
MBHy h5	102.322000	103.960000	ComeHere 0.049248
MBHy h5	104.925000	106.795000	ComeHere 0.051282
MBHy h5	107.045000	108.882000	WantStandUp 0.045433
MBHy h5	109.295000	111.356000	WantSitDown 0.013367
MBHy h5	148.024000	150.101000	Help 0.011456
MBHy h5	150.461000	153.085000	WantSitDown 0.012302
MBHy h5	153.085000	155.314000	Help 0.016262
MBHy h5	155.525000	157.965000	WantSitDown 0.012232
MBHy h5	263.946000	265.727000	ComeHere 0.049483
MBHy h5	265.727000	268.203000	WantStandUp 0.023050
MBHy h5	268.203000	270.925000	WantStandUp 0.025198
MBHy h5	270.925000	274.070000	ComeCloser 0.030211
MBHy h6	10.473000	12.473000	Park 0.010262
MBHy h6	15.381000	17.319000	WantStandUp 0.013734
MBHy h6	17.610000	19.916000	WantStandUp 0.014904
MBHy h6	21.436000	23.191000	WantStandUp 0.017066
MBHy h6	27.379000	30.491000	Help 0.018390
MBHy h6	30.492000	32.933000	Help 0.003821
MBHy h6	32.940000	35.196000	Help 0.005299
MBHy h6	35.196000	37.396000	Help 0.008343
MBHy h6	45.778000	48.226000	WantSitDown 0.009378
MBHy h6	49.312000	51.899000	WantSitDown 0.012096
MBHy h6	52.230000	55.179000	WantSitDown 0.009688
MBHy h6	55.419000	57.503000	WantStandUp 0.012677
MBHy h6	72.400000	74.417000	ComeCloser 0.008707
MBHy h6	74.850000	77.166000	ComeHere 0.019357
MBHy h6	77.217000	79.675000	ComeHere 0.008778
MBHy h6	80.088000	82.097000	ComeHere 0.025108
MBHy h6	88.085000	90.134000	WantSitDown 0.003663
MBHy h6	90.193000	92.412000	ComeCloser 0.011869
MBHy h6	92.509000	94.676000	WantSitDown 0.020661
MBHy h6	94.861000	97.344000	WantStandUp 0.024334
MBHy h6	102.322000	103.960000	WantSitDown 0.003754
MBHy h6	104.925000	106.795000	WantSitDown 0.025204
MBHy h6	107.045000	108.882000	WantSitDown 0.007303
MBHy h6	109.295000	111.356000	ComeCloser 0.006322
MBHy h6	148.024000	150.101000	WantSitDown 0.007810
MBHy h6	150.461000	153.085000	Help 0.010562
MBHy h6	153.085000	155.314000	WantSitDown 0.005373
MBHy h6	155.525000	157.965000	PerformTask 0.003009
MBHy h6	263.946000	265.727000	WantSitDown 0.011148
MBHy h6	265.727000	268.203000	Park 0.013892
MBHy h6	268.203000	270.925000	ComeHere 0.019286
MBHy h6	270.925000	274.070000	WantSitDown 0.017107
MBHy h7	10.473000	12.473000	PerformTask 0.002064
MBHy h7	15.381000	17.319000	PerformTask 0.003559
MBHy h7	17.610000	19.916000	PerformTask 0.002047
MBHy h7	21.436000	23.191000	WantSitDown 0.002878
MBHy h7	27.379000	30.491000	PerformTask 0.000543
MBHy h7	30.492000	32.933000	PerformTask 0.000790
MBHy h7	32.940000	35.196000	PerformTask 0.000659
MBHy h7	35.196000	37.396000	PerformTask 0.000827
MBHy h7	45.778000	48.226000	Park 0.006465
MBHy h7	49.312000	51.899000	PerformTask 0.002535
MBHy h7	52.230000	55.179000	PerformTask 0.004622
MBHy h7	55.419000	57.503000	WantSitDown 0.010181
MBHy h7	72.400000	74.417000	PerformTask 0.001782
MBHy h7	74.850000	77.166000	PerformTask 0.000860
MBHy h7	77.217000	79.675000	PerformTask 0.001360
MBHy h7	80.088000	82.097000	Park 0.002132
MBHy h7	88.085000	90.134000	PerformTask 0.002577
MBHy h7	90.193000	92.412000	Park 0.001456
MBHy h7	92.509000	94.676000	PerformTask 0.001835
MBHy h7	94.861000	97.344000	PerformTask 0.008872
MBHy h7	102.322000	103.960000	PerformTask 0.001884
MBHy h7	104.925000	106.795000	PerformTask 0.000880
MBHy h7	107.045000	108.882000	Park 0.002735
MBHy h7	109.295000	111.356000	PerformTask 0.001160
MBHy h7	148.024000	150.101000	PerformTask 0.000434
MBHy h7	150.461000	153.085000	PerformTask 0.000816
MBHy h7	153.085000	155.314000	PerformTask 0.000309
MBHy h7	155.525000	157.965000	ComeHere 0.002464
MBHy h7	263.946000	265.727000	WantStandUp 0.008190
MBHy h7	265.727000	268.203000	WantSitDown 0.005892
MBHy h7	268.203000	270.925000	WantSitDown 0.004104
MBHy h7	270.925000	274.070000	WantStandUp 0.008904
MBHy h8	10.473000	12.473000	WantSitDown 0.001599
MBHy h8	15.381000	17.319000	WantSitDown 0.001077
MBHy h8	17.610000	19.916000	WantSitDown 0.001706
MBHy h8	21.436000	23.191000	PerformTask 0.002366
MBHy h8	27.379000	30.491000	Park 0.000036
MBHy h8	30.492000	32.933000	Park 0.000190
MBHy h8	32.940000	35.196000	Park 0.000249
MBHy h8	35.196000	37.396000	Park 0.000356
MBHy h8	45.778000	48.226000	PerformTask 0.000910
MBHy h8	49.312000	51.899000	Park 0.001825
MBHy h8	52.230000	55.179000	Park 0.004241
MBHy h8	55.419000	57.503000	PerformTask 0.003458
MBHy h8	72.400000	74.417000	Park 0.001395
MBHy h8	74.850000	77.166000	Park 0.000473
MBHy h8	77.217000	79.675000	Park 0.001208
MBHy h8	80.088000	82.097000	PerformTask 0.001824
MBHy h8	88.085000	90.134000	Park 0.000557
MBHy h8	90.193000	92.412000	PerformTask 0.000684
MBHy h8	92.509000	94.676000	Park 0.000679
MBHy h8	94.861000	97.344000	Park 0.002979
MBHy h8	102.322000	103.960000	Park 0.001069
MBHy h8	104.925000	106.795000	Park 0.000537
MBHy h8	107.045000	108.882000	PerformTask 0.000619
MBHy h8	109.295000	111.356000	Park 0.001144
MBHy h8	148.024000	150.101000	Park 0.000178
MBHy h8	150.461000	153.085000	Park 0.000037
MBHy h8	153.085000	155.314000	Park 0.000116
MBHy h8	155.525000	157.965000	Park 0.000044
MBHy h8	263.946000	265.727000	PerformTask 0.000437
MBHy h8	265.727000	268.203000	PerformTask 0.000959
MBHy h8	268.203000	270.925000	PerformTask 0.002719
MBHy h8	270.925000	274.070000	PerformTask 0.001672
MBH h1	10.473000	12.473000	Help 0.815935
MBH h1	15.381000	17.319000	ComeHere 0.358781
MBH h1	17.610000	19.916000	Help 0.611624
MBH h1	21.436000	23.191000	Help 0.678877
MBH h1	27.379000	30.491000	WantStandUp 0.651725
MBH h1	30.492000	32.933000	ComeHere 0.420787
MBH h1	32.940000	35.196000	WantStandUp 0.451404
MBH h1	35.196000	37.396000	WantStandUp 0.388549
MBH h1	45.778000	48.226000	Help 0.613521
MBH h1	49.312000	51.899000	Help 0.180676
MBH h1	52.230000	55.179000	Help 0.533471
MBH h1	55.419000	57.503000	Help 0.776801
MBH h1	72.400000	74.417000	LetsGo 0.418890
MBH h1	74.850000	77.166000	LetsGo 0.377461
MBH h1	77.217000	79.675000	LetsGo 0.448556
MBH h1	80.088000	82.097000	LetsGo 0.182066
MBH h1	88.085000	90.134000	ComeHere 0.883378
MBH h1	90.193000	92.412000	ComeHere 0.832749
MBH h1	92.509000	94.676000	ComeHere 0.534245
MBH h1	94.861000	97.344000	ComeHere 0.343584
MBH h1	102.322000	103.960000	ComeHere 0.500000
MBH h1	104.925000	106.795000	LetsGo 0.228717
MBH h1	107.045000	108.882000	ComeHere 0.275746
MBH h1	109.295000	111.356000	Help 0.421793
MBH h1	148.024000	150.101000	LetsGo 0.824465
MBH h1	150.461000	153.085000	LetsGo 0.567919
MBH h1	153.085000	155.314000	LetsGo 0.870076
MBH h1	155.525000	157.965000	LetsGo 0.577030
MBH h1	263.946000	265.727000	Park 0.553288
MBH h1	265.727000	268.203000	Help 0.486606
MBH h1	268.203000	270.925000	Help 0.305163
MBH h1	270.925000	274.070000	Help 0.268787
MBH h2	10.473000	12.473000	ComeHere 0.454378
MBH h2	15.381000	17.319000	Help 0.275711
MBH h2	17.610000	19.916000	ComeHere 0.193542
MBH h2	21.436000	23.191000	Park 0.103547
MBH h2	27.379000	30.491000	LetsGo 0.398468
MBH h2	30.492000	32.933000	WantStandUp 0.343346
MBH h2	32.940000	35.196000	LetsGo 0.264052
MBH h2	35.196000	37.396000	LetsGo 0.367599
MBH h2	45.778000	48.226000	LetsGo 0.080272
MBH h2	49.312000	51.899000	ComeCloser 0.146538
MBH h2	52.230000	55.179000	Park 0.103492
MBH h2	55.419000	57.503000	LetsGo 0.099356
MBH h2	72.400000	74.417000	WantSitDown 0.157310
MBH h2	74.850000	77.166000	WantStandUp 0.117890
MBH h2	77.217000	79.675000	WantStandUp 0.101280
MBH h2	80.088000	82.097000	ComeHere 0.061646
MBH h2	88.085000	90.134000	LetsGo 0.332492
MBH h2	90.193000	92.412000	LetsGo 0.193489
MBH h2	92.509000	94.676000	LetsGo 0.269540
MBH h2	94.861000	97.344000	Help 0.278391
MBH h2	102.322000	103.960000	ComeCloser 0.327410
MBH h2	104.925000	106.795000	ComeCloser 0.126943
MBH h2	107.045000	108.882000	ComeCloser 0.207014
MBH h2	109.295000	111.356000	LetsGo 0.283471
MBH h2	148.024000	150.101000	WantStandUp 0.114549
MBH h2	150.461000	153.085000	WantStandUp 0.300203
MBH h2	153.085000	155.314000	WantStandUp 0.171639
MBH h2	155.525000	157.965000	WantStandUp 0.263054
MBH h2	263.946000	265.727000	Help 0.117983
MBH h2	265.727000	268.203000	Park 0.091091
MBH h2	268.203000	270.925000	Park 0.126568
MBH h2	270.925000	274.070000	ComeHere 0.157409
MBH h3	10.473000	12.473000	LetsGo 0.057454
MBH h3	15.381000	17.319000	Park 0.055925
MBH h3	17.610000	19.916000	Park 0.058196
MBH h3	21.436000	23.191000	ComeHere 0.082819
MBH h3	27.379000	30.491000	ComeHere 0.247469
MBH h3	30.492000	32.933000	ComeCloser 0.256215
MBH h3	32.940000	35.196000	ComeHere 0.226777
MBH h3	35.196000	37.396000	ComeHere 0.146188
MBH h3	45.778000	48.226000	ComeCloser 0.054565
MBH h3	49.312000	51.899000	LetsGo 0.074478
MBH h3	52.230000	55.179000	LetsGo 0.059871
MBH h3	55.419000	57.503000	ComeHere 0.046591
MBH h3	72.400000	74.417000	WantStandUp 0.038450
MBH h3	74.850000	77.166000	WantSitDown 0.057830
MBH h3	77.217000	79.675000	Help 0.032804
MBH h3	80.088000	82.097000	WantStandUp 0.060228
MBH h3	88.085000	90.134000	Help 0.085430
MBH h3	90.193000	92.412000	Help 0.060787
MBH h3	92.509000	94.676000	Help 0.046642
MBH h3	94.861000	97.344000	LetsGo 0.116675
MBH h3	102.322000	103.960000	LetsGo 0.222726
MBH h3	104.925000	106.795000	ComeHere 0.114421
MBH h3	107.045000	108.882000	LetsGo 0.159151
MBH h3	109.295000	111.356000	ComeHere 0.128933
MBH h3	148.024000	150.101000	ComeHere 0.107635
MBH h3	150.461000	153.085000	ComeHere 0.089040
MBH h3	153.085000	155.314000	ComeHere 0.060516
MBH h3	155.525000	157.965000	Help 0.044228
MBH h3	263.946000	265.727000	LetsGo 0.082908
MBH h3	265.727000	268.203000	LetsGo 0.057421
MBH h3	268.203000	270.925000	LetsGo 0.031273
MBH h3	270.925000	274.070000	Park 0.128525
MBH h4	10.473000	12.473000	WantStandUp 0.015922
MBH h4	15.381000	17.319000	LetsGo 0.036113
MBH h4	17.610000	19.916000	LetsGo 0.029740
MBH h4	21.436000	23.191000	LetsGo 0.029433
MBH h4	27.379000	30.491000	Help 0.041921
MBH h4	30.492000	32.933000	LetsGo 0.121888
MBH h4	32.940000	35.196000	ComeCloser 0.063919
MBH h4	35.196000	37.396000	ComeCloser 0.041841
MBH h4	45.778000	48.226000	ComeHere 0.028085
MBH h4	49.312000	51.899000	Park 0.038876
MBH h4	52.230000	55.179000	PerformTask 0.055768
MBH h4	55.419000	57.503000	ComeCloser 0.036916
MBH h4	72.400000	74.417000	ComeHere 0.036666
MBH h4	74.850000	77.166000	Help 0.037814
MBH h4	77.217000	79.675000	WantSitDown 0.030543
MBH h4	80.088000	82.097000	Help 0.057024
MBH h4	88.085000	90.134000	WantStandUp 0.015805
MBH h4	90.193000	92.412000	WantStandUp 0.019622
MBH h4	92.509000	94.676000	WantStandUp 0.026701
MBH h4	94.861000	97.344000	PerformTask 0.015129
MBH h4	102.322000	103.960000	Help 0.058434
MBH h4	104.925000	106.795000	WantStandUp 0.038998
MBH h4	107.045000	108.882000	Help 0.052888
MBH h4	109.295000	111.356000	WantSitDown 0.015395
MBH h4	148.024000	150.101000	Help 0.014845
MBH h4	150.461000	153.085000	Help 0.026039
MBH h4	153.085000	155.314000	Help 0.015706
MBH h4	155.525000	157.965000	ComeHere 0.025179
MBH h4	263.946000	265.727000	ComeHere 0.068169
MBH h4	265.727000	268.203000	ComeHere 0.026556
MBH h4	268.203000	270.925000	WantStandUp 0.023255
MBH h4	270.925000	274.070000	LetsGo 0.076793
MBH h5	10.473000	12.473000	Park 0.011461
MBH h5	15.381000	17.319000	ComeCloser 0.024299
MBH h5	17.610000	19.916000	WantStandUp 0.015956
MBH h5	21.436000	23.191000	WantStandUp 0.018998
MBH h5	27.379000	30.491000	WantSitDown 0.008180
MBH h5	30.492000	32.933000	WantSitDown 0.008957
MBH h5	32.940000	35.196000	WantSitDown 0.008549
MBH h5	35.196000	37.396000	Help 0.009061
MBH h5	45.778000	48.226000	Park 0.024342
MBH h5	49.312000	51.899000	ComeHere 0.035731
MBH h5	52.230000	55.179000	ComeCloser 0.022619
MBH h5	55.419000	57.503000	Park 0.036213
MBH h5	72.400000	74.417000	Help 0.023008
MBH h5	74.850000	77.166000	ComeHere 0.024703
MBH h5	77.217000	79.675000	ComeCloser 0.023546
MBH h5	80.088000	82.097000	WantSitDown 0.029636
MBH h5	88.085000	90.134000	ComeCloser 0.009601
MBH h5	90.193000	92.412000	WantSitDown 0.017374
MBH h5	92.509000	94.676000	ComeCloser 0.014663
MBH h5	94.861000	97.344000	WantSitDown 0.014879
MBH h5	102.322000	103.960000	WantStandUp 0.040786
MBH h5	104.925000	106.795000	Help 0.035803
MBH h5	107.045000	108.882000	WantStandUp 0.011979
MBH h5	109.295000	111.356000	WantStandUp 0.014474
MBH h5	148.024000	150.101000	WantSitDown 0.013430
MBH h5	150.461000	153.085000	PerformTask 0.007268
MBH h5	153.085000	155.314000	WantSitDown 0.008363
MBH h5	155.525000	157.965000	PerformTask 0.016810
MBH h5	263.946000	265.727000	ComeCloser 0.011646
MBH h5	265.727000	268.203000	WantStandUp 0.020655
MBH h5	268.203000	270.925000	PerformTask 0.015629
MBH h5	270.925000	274.070000	PerformTask 0.008002
MBH h6	10.473000	12.473000	PerformTask 0.006156
MBH h6	15.381000	17.319000	WantStandUp 0.022326
MBH h6	17.610000	19.916000	ComeCloser 0.011811
MBH h6	21.436000	23.191000	ComeCloser 0.008006
MBH h6	27.379000	30.491000	ComeCloser 0.005884
MBH h6	30.492000	32.933000	Help 0.005466
MBH h6	32.940000	35.196000	Help 0.007331
MBH h6	35.196000	37.396000	WantSitDown 0.007054
MBH h6	45.778000	48.226000	WantSitDown 0.012931
MBH h6	49.312000	51.899000	PerformTask 0.033080
MBH h6	52.230000	55.179000	ComeHere 0.014065
MBH h6	55.419000	57.503000	PerformTask 0.009999
MBH h6	72.400000	74.417000	ComeCloser 0.009077
MBH h6	74.850000	77.166000	ComeCloser 0.008091
MBH h6	77.217000	79.675000	ComeHere 0.014712
MBH h6	80.088000	82.097000	ComeCloser 0.023538
MBH h6	88.085000	90.134000	WantSitDown 0.006117
MBH h6	90.193000	92.412000	ComeCloser 0.009001
MBH h6	92.509000	94.676000	WantSitDown 0.009419
MBH h6	94.861000	97.344000	WantStandUp 0.008411
MBH h6	102.322000	103.960000	PerformTask 0.006373
MBH h6	104.925000	106.795000	WantSitDown 0.013285
MBH h6	107.045000	108.882000	PerformTask 0.011140
MBH h6	109.295000	111.356000	ComeCloser 0.007209
MBH h6	148.024000	150.101000	ComeCloser 0.003276
MBH h6	150.461000	153.085000	WantSitDown 0.005622
MBH h6	153.085000	155.314000	PerformTask 0.004309
MBH h6	155.525000	157.965000	ComeCloser 0.013104
MBH h6	263.946000	265.727000	WantStandUp 0.007134
MBH h6	265.727000	268.203000	PerformTask 0.010028
MBH h6	268.203000	270.925000	ComeCloser 0.014700
MBH h6	270.925000	274.070000	WantSitDown 0.007588
MBH h7	10.473000	12.473000	ComeCloser 0.005498
MBH h7	15.381000	17.319000	PerformTask 0.008216
MBH h7	17.610000	19.916000	PerformTask 0.007082
MBH h7	21.436000	23.191000	PerformTask 0.005727
MBH h7	27.379000	30.491000	PerformTask 0.001634
MBH h7	30.492000	32.933000	PerformTask 0.003463
MBH h7	32.940000	35.196000	PerformTask 0.002603
MBH h7	35.196000	37.396000	PerformTask 0.002589
MBH h7	45.778000	48.226000	PerformTask 0.007040
MBH h7	49.312000	51.899000	WantStandUp 0.005533
MBH h7	52.230000	55.179000	WantStandUp 0.003197
MBH h7	55.419000	57.503000	WantSitDown 0.004414
MBH h7	72.400000	74.417000	Park 0.004732
MBH h7	74.850000	77.166000	Park 0.003115
MBH h7	77.217000	79.675000	Park 0.003325
MBH h7	80.088000	82.097000	PerformTask 0.006970
MBH h7	88.085000	90.134000	PerformTask 0.004971
MBH h7	90.193000	92.412000	Park 0.004702
MBH h7	92.509000	94.676000	PerformTask 0.007981
MBH h7	94.861000	97.344000	Park 0.008104
MBH h7	102.322000	103.960000	WantSitDown 0.001946
MBH h7	104.925000	106.795000	PerformTask 0.010386
MBH h7	107.045000	108.882000	WantSitDown 0.007117
MBH h7	109.295000	111.356000	PerformTask 0.005872
MBH h7	148.024000	150.101000	PerformTask 0.002931
MBH h7	150.461000	153.085000	ComeCloser 0.004691
MBH h7	153.085000	155.314000	ComeCloser 0.001284
MBH h7	155.525000	157.965000	WantSitDown 0.001835
MBH h7	263.946000	265.727000	PerformTask 0.003100
MBH h7	265.727000	268.203000	ComeCloser 0.007979
MBH h7	268.203000	270.925000	ComeHere 0.014635
MBH h7	270.925000	274.070000	WantStandUp 0.006100
MBH h8	10.473000	12.473000	WantSitDown 0.001784
MBH h8	15.381000	17.319000	WantSitDown 0.001109
MBH h8	17.610000	19.916000	WantSitDown 0.002459
MBH h8	21.436000	23.191000	WantSitDown 0.001698
MBH h8	27.379000	30.491000	Park 0.000197
MBH h8	30.492000	32.933000	Park 0.000911
MBH h8	32.940000	35.196000	Park 0.000793
MBH h8	35.196000	37.396000	Park 0.000877
MBH h8	45.778000	48.226000	WantStandUp 0.006324
MBH h8	49.312000	51.899000	WantSitDown 0.002536
MBH h8	52.230000	55.179000	WantSitDown 0.001685
MBH h8	55.419000	57.503000	WantStandUp 0.002277
MBH h8	72.400000	74.417000	PerformTask 0.002964
MBH h8	74.850000	77.166000	PerformTask 0.002843
MBH h8	77.217000	79.675000	PerformTask 0.002752
MBH h8	80.088000	82.097000	Park 0.003715
MBH h8	88.085000	90.134000	Park 0.003055
MBH h8	90.193000	92.412000	PerformTask 0.003096
MBH h8	92.509000	94.676000	Park 0.003310
MBH h8	94.861000	97.344000	ComeCloser 0.006834
MBH h8	102.322000	103.960000	Park 0.001472
MBH h8	104.925000	106.795000	Park 0.002324
MBH h8	107.045000	108.882000	Park 0.005636
MBH h8	109.295000	111.356000	Park 0.004287
MBH h8	148.024000	150.101000	Park 0.001152
MBH h8	150.461000	153.085000	Park 0.000675
MBH h8	153.085000	155.314000	Park 0.001033
MBH h8	155.525000	157.965000	Park 0.000745
MBH h8	263.946000	265.727000	WantSitDown 0.002596
MBH h8	265.727000	268.203000	WantSitDown 0.003137
MBH h8	268.203000	270.925000	WantSitDown 0.003963
MBH h8	270.925000	274.070000	ComeCloser 0.004167
combined h1	10.473000	12.473000	Help 0.762152
combined h1	15.381000	17.319000	Help 0.731636
combined h1	17.610000	19.916000	Help 0.937744
combined h1	21.436000	23.191000	Help 0.698578
combined h1	27.379000	30.491000	ComeHere 0.764226
combined h1	30.492000	32.933000	ComeHere 0.685807
combined h1	32.940000	35.196000	ComeHere 0.633097
combined h1	35.196000	37.396000	WantStandUp 0.457505
combined h1	45.778000	48.226000	Help 0.775707
combined h1	49.312000	51.899000	Help 0.621074
combined h1	52.230000	55.179000	Help 0.679599
combined h1	55.419000	57.503000	Help 0.754512
combined h1	72.400000	74.417000	ComeHere 0.345699
combined h1	74.850000	77.166000	LetsGo 0.227763
combined h1	77.217000	79.675000	ComeHere 0.339139
combined h1	80.088000	82.097000	ComeHere 0.335539
combined h1	88.085000	90.134000	ComeHere 0.917372
combined h1	90.193000	92.412000	ComeHere 0.868828
combined h1	92.509000	94.676000	ComeHere 0.835527
combined h1	94.861000	97.344000	ComeHere 0.768297
combined h1	102.322000	103.960000	ComeHere 0.363793
combined h1	104.925000	106.795000	Help 0.237326
combined h1	107.045000	108.882000	ComeHere 0.256625
combined h1	109.295000	111.356000	Help 0.689580
combined h1	148.024000	150.101000	LetsGo 0.550969
combined h1	150.461000	153.085000	ComeHere 0.675695
combined h1	153.085000	155.314000	LetsGo 0.517717
combined h1	155.525000	157.965000	LetsGo 0.353488
combined h1	263.946000	265.727000	Park 0.693033
combined h1	265.727000	268.203000	Help 0.843387
combined h1	268.203000	270.925000	Help 0.650899
combined h1	270.925000	274.070000	Help 0.500000
combined h2	10.473000	12.473000	ComeHere 0.599559
combined h2	15.381000	17.319000	ComeHere 0.258347
combined h2	17.610000	19.916000	ComeHere 0.395060
combined h2	21.436000	23.191000	ComeHere 0.160999
combined h2	27.379000	30.491000	WantStandUp 0.708840
combined h2	30.492000	32.933000	WantStandUp 0.446272
combined h2	32.940000	35.196000	WantStandUp 0.572955
combined h2	35.196000	37.396000	ComeHere 0.317857
combined h2	45.778000	48.226000	ComeHere 0.085845
combined h2	49.312000	51.899000	ComeHere 0.063911
combined h2	52.230000	55.179000	ComeHere 0.061913
combined h2	55.419000	57.503000	ComeHere 0.077146
combined h2	72.400000	74.417000	LetsGo 0.130911
combined h2	74.850000	77.166000	Help 0.142728
combined h2	77.217000	79.675000	LetsGo 0.161658
combined h2	80.088000	82.097000	Help 0.102173
combined h2	88.085000	90.134000	Help 0.157262
combined h2	90.193000	92.412000	Help 0.263973
combined h2	92.509000	94.676000	Help 0.205569
combined h2	94.861000	97.344000	Help 0.173437
combined h2	102.322000	103.960000	Help 0.197061
combined h2	104.925000	106.795000	ComeHere 0.178348
combined h2	107.045000	108.882000	Help 0.235772
combined h2	109.295000	111.356000	ComeHere 0.139029
combined h2	148.024000	150.101000	ComeHere 0.179745
combined h2	150.461000	153.085000	WantStandUp 0.251482
combined h2	153.085000	155.314000	ComeHere 0.408059
combined h2	155.525000	157.965000	WantStandUp 0.240472
combined h2	263.946000	265.727000	Help 0.440259
combined h2	265.727000	268.203000	Park 0.129104
combined h2	268.203000	270.925000	Park 0.169462
combined h2	270.925000	274.070000	Park 0.318095
combined h3	10.473000	12.473000	Park 0.052733
combined h3	15.381000	17.319000	ComeCloser 0.089617
combined h3	17.610000	19.916000	ComeCloser 0.050025
combined h3	21.436000	23.191000	Park 0.138793
combined h3	27.379000	30.491000	LetsGo 0.303642
combined h3	30.492000	32.933000	ComeCloser 0.179080
combined h3	32.940000	35.196000	LetsGo 0.134351
combined h3	35.196000	37.396000	LetsGo 0.208406
combined h3	45.778000	48.226000	ComeCloser 0.066764
combined h3	49.312000	51.899000	LetsGo 0.040538
combined h3	52.230000	55.179000	Park 0.061144
combined h3	55.419000	57.503000	LetsGo 0.059126
combined h3	72.400000	74.417000	Help 0.042456
combined h3	74.850000	77.166000	WantStandUp 0.104434
combined h3	77.217000	79.675000	Help 0.083299
combined h3	80.088000	82.097000	LetsGo 0.100882
combined h3	88.085000	90.134000	LetsGo 0.083668
combined h3	90.193000	92.412000	LetsGo 0.063162
combined h3	92.509000	94.676000	LetsGo 0.085053
combined h3	94.861000	97.344000	LetsGo 0.035196
combined h3	102.322000	103.960000	ComeCloser 0.139683
combined h3	104.925000	106.795000	ComeCloser 0.157560
combined h3	107.045000	108.882000	ComeCloser 0.145026
combined h3	109.295000	111.356000	LetsGo 0.078395
combined h3	148.024000	150.101000	WantStandUp 0.111272
combined h3	150.461000	153.085000	LetsGo 0.224740
combined h3	153.085000	155.314000	WantStandUp 0.171155
combined h3	155.525000	157.965000	Help 0.137411
combined h3	263.946000	265.727000	ComeHere 0.161541
combined h3	265.727000	268.203000	ComeHere 0.113472
combined h3	268.203000	270.925000	ComeHere 0.083192
combined h3	270.925000	274.070000	ComeHere 0.149949
combined h4	10.473000	12.473000	LetsGo 0.035568
combined h4	15.381000	17.319000	Park 0.061915
combined h4	17.610000	19.916000	Park 0.037027
combined h4	21.436000	23.191000	ComeCloser 0.033663
combined h4	27.379000	30.491000	Help 0.031980
combined h4	30.492000	32.933000	LetsGo 0.105071
combined h4	32.940000	35.196000	ComeCloser 0.110568
combined h4	35.196000	37.396000	ComeCloser 0.099089
combined h4	45.778000	48.226000	LetsGo 0.041614
combined h4	49.312000	51.899000	ComeCloser 0.031647
combined h4	52.230000	55.179000	LetsGo 0.033148
combined h4	55.419000	57.503000	Park 0.048965
combined h4	72.400000	74.417000	WantSitDown 0.039318
combined h4	74.850000	77.166000	ComeHere 0.085275
combined h4	77.217000	79.675000	WantStandUp 0.069127
combined h4	80.088000	82.097000	WantStandUp 0.065156
combined h4	88.085000	90.134000	WantStandUp 0.032175
combined h4	90.193000	92.412000	WantStandUp 0.029539
combined h4	92.509000	94.676000	WantStandUp 0.026550
combined h4	94.861000	97.344000	ComeCloser 0.028878
combined h4	102.322000	103.960000	LetsGo 0.135643
combined h4	104.925000	106.795000	LetsGo 0.094175
combined h4	107.045000	108.882000	LetsGo 0.084748
combined h4	109.295000	111.356000	WantStandUp 0.017714
combined h4	148.024000	150.101000	Help 0.058502
combined h4	150.461000	153.085000	Help 0.065249
combined h4	153.085000	155.314000	Help 0.102764
combined h4	155.525000	157.965000	ComeHere 0.083981
combined h4	263.946000	265.727000	LetsGo 0.028041
combined h4	265.727000	268.203000	LetsGo 0.036120
combined h4	268.203000	270.925000	ComeCloser 0.044079
combined h4	270.925000	274.070000	LetsGo 0.022389
combined h5	10.473000	12.473000	WantStandUp 0.016153
combined h5	15.381000	17.319000	WantStandUp 0.016371
combined h5	17.610000	19.916000	LetsGo 0.016761
combined h5	21.436000	23.191000	LetsGo 0.023175
combined h5	27.379000	30.491000	ComeCloser 0.005552
combined h5	30.492000	32.933000	Help 0.013311
combined h5	32.940000	35.196000	Help 0.020365
combined h5	35.196000	37.396000	Help 0.024932
combined h5	45.778000	48.226000	Park 0.020672
combined h5	49.312000	51.899000	Park 0.030889
combined h5	52.230000	55.179000	PerformTask 0.025745
combined h5	55.419000	57.503000	ComeCloser 0.023200
combined h5	72.400000	74.417000	WantStandUp 0.032267
combined h5	74.850000	77.166000	ComeCloser 0.034465
combined h5	77.217000	79.675000	ComeCloser 0.019540
combined h5	80.088000	82.097000	ComeCloser 0.030348
combined h5	88.085000	90.134000	ComeCloser 0.023028
combined h5	90.193000	92.412000	ComeCloser 0.018225
combined h5	92.509000	94.676000	ComeCloser 0.015639
combined h5	94.861000	97.344000	WantStandUp 0.014763
combined h5	102.322000	103.960000	WantStandUp 0.030200
combined h5	104.925000	106.795000	WantStandUp 0.017180
combined h5	107.045000	108.882000	WantStandUp 0.018337
combined h5	109.295000	111.356000	ComeCloser 0.014368
combined h5	148.024000	150.101000	ComeCloser 0.038005
combined h5	150.461000	153.085000	ComeCloser 0.044136
combined h5	153.085000	155.314000	ComeCloser 0.011470
combined h5	155.525000	157.965000	ComeCloser 0.059611
combined h5	263.946000	265.727000	ComeCloser 0.008082
combined h5	265.727000	268.203000	ComeCloser 0.022816
combined h5	268.203000	270.925000	LetsGo 0.021681
combined h5	270.925000	274.070000	ComeCloser 0.008583
combined h6	10.473000	12.473000	ComeCloser 0.012143
combined h6	15.381000	17.319000	LetsGo 0.016231
combined h6	17.610000	19.916000	WantStandUp 0.011227
combined h6	21.436000	23.191000	WantStandUp 0.016073
combined h6	27.379000	30.491000	WantSitDown 0.003354
combined h6	30.492000	32.933000	WantSitDown 0.004251
combined h6	32.940000	35.196000	WantSitDown 0.001796
combined h6	35.196000	37.396000	WantSitDown 0.002328
combined h6	45.778000	48.226000	WantStandUp 0.007076
combined h6	49.312000	51.899000	PerformTask 0.007859
combined h6	52.230000	55.179000	ComeCloser 0.024877
combined h6	55.419000	57.503000	WantStandUp 0.005851
combined h6	72.400000	74.417000	Park 0.009314
combined h6	74.850000	77.166000	WantSitDown 0.010788
combined h6	77.217000	79.675000	Park 0.007770
combined h6	80.088000	82.097000	Park 0.010771
combined h6	88.085000	90.134000	Park 0.005208
combined h6	90.193000	92.412000	Park 0.007744
combined h6	92.509000	94.676000	Park 0.005540
combined h6	94.861000	97.344000	Park 0.011638
combined h6	102.322000	103.960000	Park 0.005186
combined h6	104.925000	106.795000	WantSitDown 0.006070
combined h6	107.045000	108.882000	Park 0.011042
combined h6	109.295000	111.356000	Park 0.011885
combined h6	148.024000	150.101000	WantSitDown 0.010916
combined h6	150.461000	153.085000	WantSitDown 0.004401
combined h6	153.085000	155.314000	WantSitDown 0.003023
combined h6	155.525000	157.965000	PerformTask 0.003337
combined h6	263.946000	265.727000	WantStandUp 0.003803
combined h6	265.727000	268.203000	WantStandUp 0.007628
combined h6	268.203000	270.925000	WantStandUp 0.008950
combined h6	270.925000	274.070000	PerformTask 0.008364
combined h7	10.473000	12.473000	PerformTask 0.001418
combined h7	15.381000	17.319000	PerformTask 0.001982
combined h7	17.610000	19.916000	PerformTask 0.001903
combined h7	21.436000	23.191000	PerformTask 0.001918
combined h7	27.379000	30.491000	Park 0.000311
combined h7	30.492000	32.933000	Park 0.000784
combined h7	32.940000	35.196000	Park 0.000971
combined h7	35.196000	37.396000	Park 0.001628
combined h7	45.778000	48.226000	WantSitDown 0.003059
combined h7	49.312000	51.899000	WantStandUp 0.006758
combined h7	52.230000	55.179000	WantStandUp 0.003440
combined h7	55.419000	57.503000	PerformTask 0.004079
combined h7	72.400000	74.417000	ComeCloser 0.006726
combined h7	74.850000	77.166000	Park 0.002761
combined h7	77.217000	79.675000	WantSitDown 0.005506
combined h7	80.088000	82.097000	WantSitDown 0.002784
combined h7	88.085000	90.134000	PerformTask 0.003266
combined h7	90.193000	92.412000	WantSitDown 0.002393
combined h7	92.509000	94.676000	PerformTask 0.003127
combined h7	94.861000	97.344000	PerformTask 0.010219
combined h7	102.322000	103.960000	WantSitDown 0.001993
combined h7	104.925000	106.795000	Park 0.005869
combined h7	107.045000	108.882000	WantSitDown 0.003344
combined h7	109.295000	111.356000	WantSitDown 0.004682
combined h7	148.024000	150.101000	Park 0.000621
combined h7	150.461000	153.085000	PerformTask 0.001064
combined h7	153.085000	155.314000	PerformTask 0.000791
combined h7	155.525000	157.965000	WantSitDown 0.001310
combined h7	263.946000	265.727000	WantSitDown 0.001007
combined h7	265.727000	268.203000	PerformTask 0.002096
combined h7	268.203000	270.925000	PerformTask 0.003779
combined h7	270.925000	274.070000	WantStandUp 0.004917
combined h8	10.473000	12.473000	WantSitDown 0.000227
combined h8	15.381000	17.319000	WantSitDown 0.000259
combined h8	17.610000	19.916000	WantSitDown 0.000180
combined h8	21.436000	23.191000	WantSitDown 0.000227
combined h8	27.379000	30.491000	PerformTask 0.000204
combined h8	30.492000	32.933000	PerformTask 0.000333
combined h8	32.940000	35.196000	PerformTask 0.000204
combined h8	35.196000	37.396000	PerformTask 0.000252
combined h8	45.778000	48.226000	PerformTask 0.003010
combined h8	49.312000	51.899000	WantSitDown 0.002328
combined h8	52.230000	55.179000	WantSitDown 0.000816
combined h8	55.419000	57.503000	WantSitDown 0.001391
combined h8	72.400000	74.417000	PerformTask 0.001880
combined h8	74.850000	77.166000	PerformTask 0.000611
combined h8	77.217000	79.675000	PerformTask 0.000829
combined h8	80.088000	82.097000	PerformTask 0.001401
combined h8	88.085000	90.134000	WantSitDown 0.000661
combined h8	90.193000	92.412000	PerformTask 0.000928
combined h8	92.509000	94.676000	WantSitDown 0.001350
combined h8	94.861000	97.344000	WantSitDown 0.002097
combined h8	102.322000	103.960000	PerformTask 0.001199
combined h8	104.925000	106.795000	PerformTask 0.002038
combined h8	107.045000	108.882000	PerformTask 0.001247
combined h8	109.295000	111.356000	PerformTask 0.001708
combined h8	148.024000	150.101000	PerformTask 0.000601
combined h8	150.461000	153.085000	Park 0.000307
combined h8	153.085000	155.314000	Park 0.000573
combined h8	155.525000	157.965000	Park 0.000450
combined h8	263.946000	265.727000	PerformTask 0.000986
combined h8	265.727000	268.203000	WantSitDown 0.000435
combined h8	268.203000	270.925000	WantSitDown 0.000506
combined h8	270.925000	274.070000	WantSitDown 0.000653
